RevId,Rating
781115,0.7112892
1219481,0.403031
1703765,0.9562773
4870346,0.03450589
2638711,0.9568741
2288606,0.95751077
2369977,0.9665226
1395037,0.97269756
1388406,0.37369445
2704939,0.00907742
13420513,0.95894796
1439840,0.9468892
2539526,0.0567216
3485260,0.96474284
2441748,0.8327764
2852848,0.93012255
353863,0.88335353
3372282,0.8641221
13842332,0.9522811
3463941,0.9356796
13642308,0.6757934
460006,0.9354041
2420917,0.92186034
2358030,0.94161636
7681553,0.9317175
3113044,0.80013096
3316543,0.88730675
3261912,0.8053075
2889806,0.11898908
1312847,0.9536623
1300122,0.7794843
1232356,0.32543588
2400057,0.37248594
1647684,0.92502636
2002353,0.91211754
4985882,0.3584297
2329357,0.9581286
2409533,0.92754805
1683885,0.95918226
5269330,0.7290168
2046869,0.92074436
3889307,0.96988845
60360,0.8500437
3623868,0.010814295
4038730,0.9645596
1466580,0.87760705
3636458,0.9486106
1464633,0.5553581
2725782,0.96706736
2398238,0.022016255
1103407,0.94124436
922698,0.03330351
899861,0.3520298
1578037,0.94557464
2626733,0.036353096
3342394,0.8993857
2813031,0.008582353
3797386,0.012720414
3227748,0.72557616
1848420,0.887228
2627368,0.89329034
2415003,0.9544913
1864674,0.89365315
2605618,0.9595756
14886444,0.9706134
2494434,0.9625981
400818,0.93293333
219519,0.89570606
3292666,0.011943012
1464893,0.96995485
2755718,0.011796421
5831163,0.972572
1027481,0.95366305
13344495,0.9511627
2379719,0.97420293
1159268,0.055248972
2867464,0.94548655
2394823,0.9415763
2043723,0.95780027
874862,0.96522254
7670167,0.02044195
3290075,0.1326997
2849554,0.94613683
11922841,0.9399052
2551483,0.9521006
11442227,0.6899066
993391,0.8451337
1952175,0.95888424
2252746,0.5461384
3601531,0.008128652
3347772,0.074696004
1445090,0.85622454
352247,0.9566157
11303216,0.015943717
8645270,0.45328307
3349720,0.95595074
2142106,0.9459499
203817,0.88479847
3772025,0.010636588
894848,0.7755873
9249431,0.9625204
3281044,0.05680649
11954691,0.9508739
2209271,0.9417478
922227,0.902528
2153746,0.958561
2018600,0.87924165
1340704,0.8293119
3266319,0.821032
1818740,0.93372494
1040214,0.96342665
2339312,0.9528414
3100460,0.010628426
2567495,0.7568342
3366468,0.96111304
2418988,0.964226
2447027,0.9594505
1944768,0.94706166
3489913,0.9035542
3528134,0.937824
3181489,0.9293983
879594,0.4648639
1841407,0.95153147
2709303,0.8948073
2520586,0.9605084
6413867,0.6968511
2555926,0.8121291
1580625,0.021996016
2480958,0.9573359
2053045,0.11347713
2146934,0.9529738
2405877,0.9486212
1183657,0.8872347
793974,0.57081187
1591793,0.95509326
8909013,0.82865214
1550594,0.92267674
2395730,0.9519259
3701048,0.00857944
2615545,0.94557774
13653230,0.7293024
2409536,0.9132211
8896215,0.8844201
3233184,0.97200483
2432322,0.01110372
1103358,0.96038634
2421577,0.01640694
2927770,0.9387298
1053988,0.95868784
3715456,0.91190654
836292,0.9764614
13744549,0.97097766
2696892,0.91267335
3422437,0.014494722
14348469,0.93973875
2734389,0.95782477
969365,0.92151296
5138047,0.95127904
5192576,0.88356906
3136089,0.17431104
11603978,0.9017568
103473,0.8930901
2613153,0.7228179
2595218,0.9551295
4580051,0.8527182
12044175,0.6456028
2656359,0.9176773
2250133,0.92994314
7389915,0.9253623
2856683,0.9569938
2307862,0.64621025
1821351,0.8096937
2599194,0.93885756
3051209,0.9325074
3954172,0.9499055
2177159,0.9143439
4038483,0.0133131165
505670,0.87245077
12567561,0.011961127
14820506,0.9598731
1544504,0.94720256
1640182,0.9538937
2902257,0.70072585
9349469,0.008001654
8166630,0.8281309
2337951,0.91702616
5328402,0.9321521
11617414,0.965723
1496850,0.18166602
2563801,0.049092267
3437008,0.96104133
3372092,0.9662203
2083697,0.9524131
2969276,0.97343636
2393596,0.88427097
1899137,0.9355768
2622543,0.046078335
2020821,0.93824226
3601817,0.8967632
8294465,0.94404733
2728093,0.011898775
1112077,0.95474106
1712724,0.83516264
3935568,0.9223454
4267306,0.9298937
1125083,0.8348938
1931179,0.86236125
4360829,0.97070616
3122611,0.023190971
9732808,0.10967951
3161688,0.9579199
2550584,0.9654207
1991562,0.97142035
12694812,0.8618556
2944916,0.4099203
7786638,0.8946988
2008415,0.9755339
1693803,0.01930456
1088870,0.9539957
1510961,0.8972587
1108883,0.95267206
2434536,0.9648151
13607721,0.9296173
3191477,0.16088593
3956235,0.97071403
2305264,0.9479762
9520193,0.9578036
2086732,0.9692215
2926143,0.9373937
3000824,0.023716975
5897235,0.95967877
2370072,0.9394878
180618,0.90017176
2434304,0.73695785
2552437,0.03688923
2182225,0.69758433
2377830,0.96764326
5782405,0.9469387
3162516,0.009202151
2664011,0.91716063
7547472,0.8797164
2431736,0.9155024
1938916,0.91298914
2337007,0.09204145
931475,0.94062924
3466017,0.9672948
2180758,0.9564885
2277774,0.8904085
773308,0.92820466
2481734,0.95975244
2052966,0.5698856
2317345,0.88287634
2673600,0.79576653
2654779,0.9571102
3625961,0.9492996
3608358,0.7033341
3031337,0.93707854
4455466,0.947664
13155734,0.014419531
1650033,0.82075423
7281291,0.97677714
12044270,0.008936765
2031230,0.7538704
2470708,0.94604826
2201805,0.9242734
1640432,0.9660293
8764589,0.008393985
2280876,0.9497756
9348347,0.9760951
1203881,0.958935
2048275,0.9694876
9118882,0.907054
10665712,0.014931543
2632161,0.7774393
8529242,0.9601153
1684136,0.96062416
2616270,0.89788544
1811206,0.17211734
2680803,0.7769371
2510931,0.97558683
1326536,0.9188566
2008134,0.95986426
3854496,0.36001012
4406392,0.020258287
1896608,0.008143945
6190846,0.018487781
2000270,0.86348695
2362088,0.6991708
3749670,0.8960929
155047,0.94241434
99572,0.29538748
10482722,0.88680875
4198827,0.9463624
314889,0.86254174
8324746,0.90920293
2179993,0.94570416
3788059,0.038773574
1933667,0.9543204
11285511,0.8758286
3258171,0.3477719
1149340,0.9138844
6766004,0.9536318
8324372,0.9218537
3146447,0.9473902
1346511,0.9667422
3053270,0.95022076
12834144,0.91257304
351350,0.047058873
4100166,0.9662665
3801418,0.94634604
1320309,0.93506426
1510210,0.05873945
3874654,0.94661546
2544831,0.008028273
2663511,0.96611226
3901494,0.97950864
2646223,0.9712378
5871023,0.0069975406
2981316,0.9341791
4384812,0.80111974
2551004,0.008531609
2709120,0.01074722
2236730,0.98076504
4596121,0.23409134
9115975,0.012035373
3701117,0.8721332
3003791,0.9170313
1725600,0.96183044
3110239,0.9166635
7928291,0.8690018
438586,0.89849365
13643715,0.9520745
2804128,0.9037293
2331952,0.8939418
194776,0.79136825
1981165,0.9663786
1682753,0.92573225
2330366,0.014524274
4036442,0.96806943
1303058,0.9014034
4279160,0.047023144
4340847,0.9621849
13664255,0.90755236
3436726,0.9329688
2543612,0.7992468
2645017,0.9706176
2893923,0.84640104
3468337,0.9579454
7506572,0.9317175
7053081,0.96985394
2248690,0.955512
2061446,0.9552804
2864143,0.8829098
3136313,0.95976025
2191087,0.043660507
12124976,0.94297695
1960807,0.82905096
3282177,0.88247406
2327525,0.94916236
7442274,0.8788375
4182283,0.9434874
1838561,0.9583675
4305763,0.8263574
1453217,0.949371
6452443,0.9669686
2556431,0.93154794
3464729,0.9544921
3276220,0.061229218
1289494,0.95603883
1780927,0.96093875
27206,0.90583265
7076156,0.011471657
2082501,0.85234934
2135838,0.97807467
11709311,0.03699421
13644002,0.91919345
8486148,0.90730184
3007113,0.9376705
2025127,0.95013994
2835833,0.25590175
2167400,0.8951903
3864372,0.96799046
6483321,0.94135475
9478484,0.010067944
2522567,0.7695209
2944362,0.9671359
2609055,0.97825193
3063197,0.96724427
3566327,0.59936935
2621920,0.9627217
2430571,0.9770503
2293427,0.9656853
9115417,0.0145344185
4965399,0.95553005
487831,0.9352053
6266334,0.96259993
4054943,0.6921169
2313646,0.035166956
2376424,0.043983225
3838103,0.79719174
3338412,0.9192675
12104466,0.90550417
5888535,0.8731391
4032941,0.13029918
13642289,0.7680123
2085944,0.95525825
2461054,0.02079499
2100973,0.93180025
992213,0.9460221
2476930,0.92317677
2519560,0.9508312
11942547,0.80716544
4557412,0.95484865
2567674,0.050622135
491235,0.90378326
1449930,0.008619963
2674020,0.9191022
1515902,0.010786923
3089283,0.01044348
3820816,0.011855383
2628935,0.9183619
2308449,0.8960191
3453061,0.94095635
2991639,0.2069015
5310871,0.011864279
11937745,0.8574411
437900,0.8478924
1024655,0.961191
1394672,0.97107756
2635312,0.96086866
2966255,0.9539816
1527797,0.9650728
3238329,0.05050119
2639789,0.9470234
2665142,0.8871526
3102572,0.95823765
2464395,0.049544018
3507546,0.9471996
855273,0.92610323
2309798,0.96959746
3723207,0.07679407
409056,0.9656286
3425705,0.9655447
1081903,0.9581129
2554676,0.8963856
2189296,0.7447728
2580166,0.5136305
2355573,0.850183
4960886,0.9483165
3006898,0.8095273
2620281,0.028517336
6982804,0.96281916
5881278,0.97159
2376557,0.85237515
12408550,0.91669726
1750157,0.9606087
12461709,0.92194897
3765711,0.83470935
4119676,0.8540885
2661535,0.9337749
1544530,0.91295516
7505366,0.8363584
2647428,0.87927556
920778,0.9076538
851814,0.8885216
5945999,0.17842153
3166516,0.014479596
394248,0.87236965
3050416,0.8749088
2563317,0.100975245
12012599,0.90514237
3403657,0.02183478
2638276,0.8374502
5926130,0.96398634
11937921,0.9358346
4960821,0.936145
3321951,0.89339304
2209690,0.009465197
1502096,0.66545105
6180767,0.97275203
8552197,0.009520767
3426452,0.931853
12140655,0.9485374
1573303,0.9525272
2194669,0.8843191
4553828,0.916655
11870603,0.94556284
2288554,0.016628915
2887296,0.055485368
3635312,0.957848
2123097,0.96251667
3488924,0.44801384
192585,0.9431361
2079780,0.9525015
2890689,0.9136055
3201861,0.013618849
7873557,0.8129421
871792,0.93298334
1126665,0.96842504
7065331,0.8740659
8604227,0.78432
1608068,0.9757819
510444,0.89159966
2758926,0.34404427
3591526,0.9364365
1979917,0.94770706
1850822,0.9691645
2195404,0.7826061
2677854,0.011544713
4138544,0.018595085
3244869,0.02956526
524933,0.8659658
8803240,0.93490803
39637,0.9667164
2556042,0.9117475
2472416,0.9616428
1661932,0.008778807
7043018,0.73146975
6110238,0.17977439
1340088,0.8460605
2645975,0.92215216
2610536,0.94239444
11927926,0.94456965
995242,0.9723895
9321913,0.95533997
3088755,0.9411034
2168487,0.63539094
1821597,0.5082915
1636716,0.008931566
2461131,0.9716015
12169659,0.0511546
2295612,0.92955303
2230033,0.9180204
9234317,0.928129
979311,0.94130677
3179256,0.9535144
3430640,0.9434422
1863813,0.08202021
1079596,0.95771843
5903101,0.95230293
1436953,0.14713493
2669788,0.86060625
1994474,0.93476474
3057214,0.01740495
3196577,0.9538203
791434,0.7326969
1736118,0.63412523
7108685,0.65765697
2452337,0.15543966
2916073,0.9613039
9452324,0.89006716
2991345,0.41011813
1932986,0.9758136
3109461,0.96970546
1911292,0.9297737
2091527,0.9427439
1409646,0.01924836
3099170,0.44561532
2262875,0.9513845
12326626,0.69099975
2165302,0.5655572
7185191,0.9470629
7523670,0.96880025
4725432,0.9741915
839491,0.965229
1730160,0.9320632
2061879,0.71821
2657139,0.6143354
2354035,0.8805428
7942910,0.96273416
2411003,0.9618363
10548786,0.9152996
6156980,0.58839464
2073625,0.027227374
3154467,0.83198404
369795,0.7892157
2006491,0.15588388
783830,0.7328181
971150,0.94394237
11305367,0.0083597945
3140963,0.9116133
6938226,0.90746504
11516,0.9426618
4701244,0.95548403
933777,0.97140956
2862881,0.8364027
1087520,0.96136767
3582390,0.37179142
2113698,0.9508457
2305275,0.96325207
3445115,0.85486454
2250138,0.9247799
5892291,0.95962805
13912980,0.882742
2437694,0.9528189
7612078,0.38473454
2234419,0.9740936
1836888,0.8928146
3221824,0.7518807
14563060,0.71838725
3569370,0.9051315
2536874,0.23833717
7129767,0.86339754
1099980,0.9352494
7404208,0.046978187
2076756,0.95159554
7096829,0.95731777
4127489,0.9686613
2305494,0.69876724
1073203,0.9719215
1864336,0.9655402
6295615,0.5605572
2384559,0.9034886
68280,0.8100393
2245548,0.118832365
3715219,0.9347423
3369193,0.13537654
196376,0.80152565
5998847,0.9681621
4642655,0.95436114
9235850,0.9777964
2630824,0.9475591
3706330,0.96146435
4712798,0.010514724
14488916,0.93139124
9224145,0.9693868
2175417,0.93784344
2496074,0.95550036
3526536,0.95608157
4434257,0.87971234
1282974,0.59583855
1891349,0.9360863
3182296,0.9231021
2239800,0.9737901
1642369,0.02206941
2704764,0.045569323
4227899,0.9286588
890577,0.0073586195
2096163,0.9622561
2000040,0.90328264
11393116,0.5266624
12515713,0.97100943
13155898,0.8970626
4503764,0.9064013
3721915,0.945981
4032573,0.9343358
2546254,0.008981639
7981142,0.4264241
1089837,0.9562325
2643142,0.028784974
555886,0.94693655
3223797,0.9711571
2532283,0.8711485
8314882,0.012081191
2242389,0.9659056
2173269,0.89533705
4972540,0.7824671
1548765,0.97398424
4172698,0.15074435
1276345,0.9337599
2219090,0.92209214
61079,0.9020127
2000159,0.96920145
2831557,0.8654718
901265,0.9678973
274955,0.83083254
3136232,0.8475378
4445526,0.9405588
2981676,0.9468361
3725349,0.008795544
1040870,0.922773
1738624,0.96212804
2622231,0.89880526
10495029,0.013385619
539737,0.9635734
2202871,0.9660523
2736684,0.93534416
2817877,0.96831995
1197615,0.95645297
1726106,0.97390395
2447286,0.8705241
4825197,0.08665807
1804137,0.86721015
2581492,0.011755387
3316781,0.9240373
13492295,0.8962817
3235075,0.9266833
4911010,0.9149909
3189875,0.83597034
1844001,0.97246516
520066,0.96688664
2375129,0.9607829
502402,0.8415168
2457293,0.9599345
2624837,0.45355755
291655,0.93999875
2780178,0.03945012
2377140,0.9125285
10236215,0.9645318
1671412,0.9551785
3709073,0.3828697
5896632,0.9675894
2674637,0.95185524
2366112,0.9085716
2455246,0.011430041
4471891,0.9382107
2959868,0.7040709
5770649,0.96080226
7886758,0.94373494
3463545,0.966969
2626214,0.9198545
1559076,0.7614999
1067691,0.95903116
912555,0.52318347
2559314,0.92142993
4986367,0.9656523
3647607,0.008518631
2210300,0.96594816
1379374,0.96881056
1689448,0.9649042
2122777,0.8916455
437812,0.90558964
2422847,0.02076306
1033790,0.9304911
1857529,0.9695225
2405939,0.8536939
2184297,0.43276358
2244085,0.97333694
1054582,0.8971589
2995893,0.9492383
2531665,0.96707946
485182,0.9246975
2828070,0.72431093
2037684,0.89226365
1661895,0.7608219
2338414,0.92486686
9745425,0.059602853
3072323,0.008993996
971112,0.9473452
2388090,0.8919892
1635820,0.9564388
3551120,0.89005095
3270539,0.0132845845
2414552,0.9406285
2615141,0.96461874
7301515,0.3142479
1744558,0.5069483
2351933,0.86969244
1138378,0.9498218
842041,0.9458925
2958680,0.87198144
2637033,0.03135863
2568164,0.97751355
6036824,0.93037736
1488357,0.9574185
3489818,0.86133534
5349967,0.0293384
3029517,0.9366845
3674823,0.04165337
954764,0.08908929
2291420,0.8915473
1558146,0.043795686
6440948,0.7646511
3605290,0.91439253
1428287,0.8156871
1785155,0.9095096
2863515,0.01913804
2817474,0.95264477
2195880,0.9224994
3892141,0.015292813
13868474,0.031592213
1621928,0.95593864
41651,0.98117024
787400,0.8394346
2571248,0.403997
1876087,0.7189378
9710406,0.9802116
3374195,0.967628
8885759,0.955122
454709,0.9320683
2936876,0.080128014
2172738,0.010161915
789338,0.9635548
4464581,0.96071523
2313785,0.45556912
1144667,0.9618291
4238281,0.88712734
5728162,0.9683899
536041,0.011356772
842801,0.95714694
3109362,0.8770356
1342707,0.033826094
6632375,0.008661029
3145891,0.8436643
2145135,0.8572831
4161806,0.9091722
2990855,0.9601346
9743650,0.8633126
2861146,0.94711316
1375027,0.009776054
3249865,0.048738845
3187550,0.075439885
8333744,0.9592236
3082747,0.014860794
2128284,0.33847308
9951724,0.82182646
5815418,0.8262803
267750,0.9235047
13946372,0.9570824
1878382,0.96126676
4869205,0.84098333
5291471,0.9738021
4212165,0.8626603
1180733,0.97725314
3008672,0.8731764
2213148,0.86115015
3142601,0.94458306
13642318,0.77708
5412409,0.4502565
2231235,0.970168
4197011,0.89512706
2553835,0.11986941
13619912,0.9412074
2543167,0.2680131
1575561,0.95662576
1247959,0.97570807
2635886,0.9360888
1100975,0.9478955
2648139,0.9544305
3123647,0.9527468
3616124,0.93849975
1893484,0.94310695
1341097,0.9462659
415223,0.22955604
1638252,0.07969815
2213505,0.79269886
6331756,0.95850635
2169652,0.9273487
3645857,0.96448904
2406567,0.96706766
2696350,0.9573606
4480616,0.94442683
1309558,0.8858196
8232620,0.013427851
2050297,0.96134514
2643638,0.93937665
4445730,0.013258794
2577419,0.917139
11616609,0.951562
1198516,0.6101198
2642667,0.11718012
3150777,0.016336074
1968881,0.9581977
1936835,0.01860204
3288205,0.14155485
3763579,0.97419894
3649990,0.60129625
1882352,0.97271293
906492,0.9053483
6949095,0.60966897
1057357,0.92798024
2652132,0.013103106
3312813,0.976409
4425414,0.9608362
2548498,0.90552753
2245736,0.97723085
138115,0.939228
4295928,0.042414024
1971831,0.7935985
2402585,0.96318054
13658880,0.8377316
6339445,0.8700349
1857355,0.72670734
13185381,0.8998062
3376062,0.8431582
338791,0.7870532
2131252,0.96006507
6636802,0.09691307
5014256,0.8337744
2251849,0.19618207
13643991,0.92220145
1260333,0.55839807
2494799,0.010640763
449136,0.22712617
2026384,0.31327808
3946936,0.9453472
1116519,0.508361
3006622,0.94851375
4085434,0.8832642
2439996,0.9401415
1670114,0.96325773
2358141,0.7351963
1743878,0.9570363
1030606,0.8842344
2686240,0.07912564
1880627,0.9431934
14627633,0.8875938
3694484,0.9370341
2541997,0.831689
2078734,0.979231
7151287,0.9633419
3572062,0.96750355
7566224,0.9091824
11087000,0.9270324
3854671,0.5726944
3776878,0.008819538
2900045,0.9434506
12171413,0.91570973
1641490,0.9441036
4353986,0.9272014
264095,0.94153976
2872514,0.15449995
2520083,0.6455651
4576553,0.1255691
1051919,0.26501122
2436912,0.0712758
3146352,0.90410596
2538845,0.8174365
6380172,0.027240647
2421636,0.88364255
1517351,0.41262543
3009091,0.93561363
2027867,0.80816376
237784,0.8605332
2564881,0.6598471
1197183,0.96058214
12608656,0.97049594
6997393,0.89652926
2578884,0.020157306
2933369,0.8704467
701614,0.94431573
2561415,0.95485365
10351573,0.96172345
2673232,0.017641803
7584199,0.0071405102
900002,0.09391057
7668918,0.91223586
3464362,0.6809508
2932562,0.90550655
3250248,0.020251485
2628857,0.9673103
2369475,0.9732999
2741437,0.9516851
2036402,0.9745446
2486741,0.96758616
1990991,0.92195
2608018,0.9151495
237373,0.9147273
5586352,0.8970415
2356741,0.010329235
4163162,0.83490425
7778111,0.9565665
2510806,0.1864261
7686515,0.754251
2659638,0.95981485
5605225,0.2499655
2976290,0.023215417
2412846,0.9434579
1797771,0.864556
8993729,0.12168257
4779071,0.94713223
6480390,0.97369385
196572,0.69151974
2306118,0.07656039
2609931,0.59892106
3467619,0.7286893
1979708,0.87675816
1465128,0.8223391
2305489,0.039901383
497938,0.8193986
7015266,0.93694574
3462666,0.7754473
2613922,0.0123396395
3950100,0.9706359
2524280,0.97095436
2783662,0.71915054
996868,0.93337643
1264778,0.96119916
4210657,0.028701907
1861086,0.954798
2458567,0.9601932
2471930,0.7479824
2787069,0.9129549
2427508,0.014439225
10345849,0.9328775
8839579,0.87927353
2118303,0.96636224
2926679,0.9588303
15069576,0.9202707
1560497,0.018008145
2045217,0.9532861
321578,0.6116104
4986736,0.016236274
415742,0.2893258
1938072,0.95152855
2090066,0.95297474
349149,0.91890657
2657812,0.95375305
884698,0.75659674
129958,0.9239305
3841000,0.9629217
259827,0.0113169765
9184689,0.8497794
2095707,0.4657543
937063,0.9690261
3146340,0.90004116
1841479,0.9612932
2827408,0.94220316
2283935,0.92274255
3884636,0.03742107
3194864,0.7484055
539265,0.96453154
2155688,0.87793744
2580294,0.026934052
4405273,0.9159583
2206442,0.9174674
464182,0.91375786
1862521,0.89850616
12300275,0.9314467
1551204,0.8506577
7566644,0.8082551
4792913,0.9002212
8526064,0.94135064
2090674,0.82308495
1168577,0.06360838
3132778,0.89045143
2675449,0.12420035
1490084,0.91903234
2485935,0.95241094
2078921,0.8953979
3564760,0.9720408
2231146,0.95860326
2545433,0.79805416
2053518,0.9226565
2739374,0.025967775
3358840,0.9755279
1842314,0.8545502
360332,0.25700477
11305409,0.035878386
3741624,0.89895916
1657956,0.90020925
7247846,0.9507999
2974411,0.9030069
3083585,0.55431956
2359364,0.9397576
913944,0.90128314
1106081,0.9738045
12163010,0.9578649
2545328,0.97490954
986019,0.8902807
2334761,0.97796875
2951995,0.9627221
3482188,0.8992083
3529016,0.89389366
6897745,0.7970739
312628,0.86550736
1502928,0.9292472
438156,0.8347557
2879752,0.9486741
3203474,0.9262088
9355027,0.9718687
240572,0.9356871
1778041,0.94167686
3456540,0.10990257
2948318,0.6004861
2032123,0.9566192
5065509,0.9659572
2237723,0.90548515
3154730,0.95777017
2995745,0.9564052
2703247,0.87568796
3496939,0.96517223
2131086,0.9493641
3369410,0.92371035
1727567,0.7764388
769406,0.90539134
1438927,0.94389117
2688107,0.94476223
3288151,0.96134675
3315488,0.95511055
2246246,0.9632254
2429456,0.1404294
1795510,0.9344674
3603035,0.01187608
3250396,0.8785984
2752587,0.9608436
2743434,0.9656444
2066960,0.9484926
3618387,0.03931829
6845641,0.9591802
3695359,0.9344889
2545107,0.9776118
3654298,0.9396996
14821681,0.9078479
2965198,0.9128044
2506019,0.9703325
5302562,0.89616865
2594546,0.93847156
2682009,0.9658015
2023217,0.91430223
1980856,0.94627154
1229265,0.95547116
1125959,0.9078338
2550410,0.019441606
4355244,0.96037966
2126818,0.9662476
3630590,0.9419681
903642,0.9746096
1620716,0.43708372
1310706,0.77476525
2585742,0.87324065
541279,0.9645359
2239100,0.9776313
2517672,0.92196304
770122,0.95757335
9813325,0.97271144
2813066,0.26126683
2419516,0.041080907
3022083,0.9358022
10544583,0.3235566
3439227,0.10357025
2257231,0.028044047
2652090,0.9587137
4725707,0.96499425
2373078,0.14183807
2508278,0.38409483
796760,0.23727661
558906,0.87521553
3539256,0.9250301
1834310,0.9536027
2574488,0.96834207
805424,0.8720236
9916492,0.008712481
2669283,0.0069988132
945857,0.89750016
2946051,0.9357848
1892709,0.8610755
12991548,0.96549124
3726562,0.9568219
2670644,0.40107557
2110005,0.87523186
1701136,0.011388676
3322040,0.05469473
2349473,0.817259
3052479,0.34523618
2261026,0.9262161
10954960,0.061594706
2811927,0.010529066
2999876,0.939508
2952783,0.94917655
13646734,0.85812134
2484034,0.91812754
3247021,0.6279629
3311650,0.008944436
7865402,0.96070117
11904275,0.9637481
11647378,0.92669415
2346477,0.95610064
2542787,0.8897308
1902240,0.972682
1990287,0.9470929
6296759,0.030069891
4857738,0.93235356
1247029,0.96930707
1979017,0.92406696
2237850,0.9207402
1986737,0.82252985
2585848,0.96033096
1158595,0.96218556
4220217,0.0701451
2244320,0.9645935
3663887,0.011073488
2526877,0.97055763
6038649,0.021147657
893595,0.95584744
1989232,0.95486486
1117664,0.8615344
2407564,0.81790876
2409378,0.9615729
1538087,0.9402735
121780,0.052049704
1095706,0.9668684
1806251,0.94287586
1548562,0.86212206
8201912,0.51715386
3854659,0.9454369
2246326,0.9533843
1033702,0.95584905
1460337,0.953896
2592834,0.8183832
1381612,0.9751986
1440998,0.9592448
1413887,0.9470125
1130605,0.923971
2849622,0.912107
4828232,0.96636814
4110027,0.731513
1989274,0.10372261
2016632,0.9187101
6815764,0.93821454
6549967,0.9661044
1091477,0.8412077
2487296,0.011013867
13657262,0.012728052
1050519,0.9552327
797843,0.94006646
3253521,0.9428142
372624,0.87046784
2258136,0.036195062
4764451,0.010648804
11703138,0.079867534
3692498,0.96007574
2369230,0.1891955
766398,0.79001194
2526455,0.7355587
3971966,0.052105363
472490,0.95183915
56076,0.881452
14863594,0.8800627
4062814,0.8720956
7006516,0.71642715
2460253,0.013520327
12285188,0.3914107
1103731,0.95918345
3064455,0.6571067
1211680,0.88537747
2699179,0.96920246
347703,0.9023774
13642298,0.82896316
12773544,0.9025463
397379,0.9744245
1865953,0.94408023
2356732,0.95735633
436338,0.011719103
13810682,0.9110149
3092391,0.012212067
2909181,0.008825842
1393404,0.9239841
1868032,0.17628102
2272813,0.021305427
2482841,0.9044298
2812725,0.92149466
11123574,0.95251423
3214238,0.95988315
6120291,0.94736904
1865712,0.93500376
11405916,0.9464558
2399717,0.87123287
2356128,0.07986502
6666185,0.8876332
3417530,0.925548
9176976,0.031020118
485496,0.9477801
1018571,0.9668072
13333106,0.9611976
2113669,0.97563744
3195763,0.95627755
2485118,0.64422077
1570632,0.93469864
7593981,0.97512406
1329728,0.89056194
2558188,0.914265
2657764,0.9267093
5579090,0.9624554
4941774,0.9549678
1869935,0.9207483
2221641,0.009352413
3400958,0.9468554
985022,0.08012898
2290464,0.7431047
9409157,0.88051385
1167874,0.97528845
538909,0.9613292
5176780,0.008798284
2323089,0.88867164
1080607,0.931508
2625949,0.9022987
3069356,0.73106533
3700525,0.9451203
1731766,0.96888787
3385958,0.82378834
2989254,0.9472421
5300519,0.7885821
1528538,0.913313
2533467,0.016732015
3176326,0.024833273
1526832,0.9653526
2900272,0.88149804
2134280,0.8091954
2820059,0.9566707
1313349,0.9097243
3282100,0.09141495
2941330,0.0074909576
4705912,0.9395578
1476068,0.96986896
2406012,0.8377546
7971917,0.8806519
160978,0.88416916
6751111,0.2004684
2724950,0.019057924
12773834,0.9071861
42933,0.9415873
3977455,0.2322886
2650993,0.9518116
1311371,0.9683866
4396568,0.9664758
2303180,0.02405575
2533822,0.044882692
6555393,0.03382735
328453,0.8899122
1167607,0.9548168
6605373,0.9725343
12317035,0.964998
33255,0.9333557
5873630,0.8807573
3434829,0.95907927
2711485,0.54008543
3630262,0.034017347
4118220,0.9458299
2237815,0.97043276
2900394,0.8577697
3999032,0.023319788
2997418,0.78355396
2392996,0.96080637
1481991,0.8786629
8239924,0.027592609
3095124,0.7652044
2586241,0.76380765
6772854,0.9266271
3377282,0.45328307
2245352,0.9704362
2663239,0.90153635
3473150,0.9755874
33381,0.9609393
1840808,0.9130849
2413569,0.8894297
339951,0.95112926
1672433,0.96651214
2086931,0.9590888
2535303,0.9713996
8112015,0.91031224
6617381,0.8998624
6279731,0.8235656
2247126,0.9152156
2449964,0.17371759
3482245,0.96275276
5868468,0.075895526
7092387,0.07060825
3970605,0.97790897
1988395,0.9334497
917221,0.9483855
230235,0.9539398
2214423,0.049058873
1265204,0.9531047
2057719,0.9344498
1568030,0.9342789
4717785,0.8655211
2369451,0.94590616
2306226,0.95913464
2544011,0.9489241
11140940,0.023813494
3397442,0.9542582
793312,0.9528524
13833484,0.9623388
3212611,0.93264806
2486598,0.9097199
2858375,0.22609553
2296141,0.9425439
2193826,0.8969031
1702998,0.38075432
1548916,0.9646083
13674077,0.90386546
3068430,0.95798194
2408233,0.97076595
12649101,0.008313073
2889285,0.09245017
4118349,0.97606057
3000816,0.966028
791650,0.91667974
13642945,0.8104875
2765785,0.95518994
1580707,0.87357885
1522364,0.36464566
3949763,0.9646693
2663398,0.95438033
3770886,0.7095537
5818974,0.4902707
2901131,0.010062576
2664883,0.027244108
3708275,0.24285492
1897907,0.973132
1541895,0.95873684
4264488,0.9441621
5659159,0.89801484
928419,0.9671001
2986100,0.064363346
13129011,0.89222354
2178246,0.72459376
3133122,0.010715178
9573071,0.5021331
3523040,0.9482534
1042771,0.95824623
11551028,0.9641145
2559261,0.96421725
8151897,0.93167853
4746873,0.93512064
2160760,0.59506077
1250178,0.9707353
2677473,0.8503485
3954055,0.96306235
3800479,0.86684465
3123826,0.9590381
1049074,0.92768455
425319,0.7881082
3830920,0.94764024
2148743,0.95905036
2824972,0.94028616
8366051,0.97071284
6948055,0.9284688
2660960,0.20350163
3619191,0.42456642
1566501,0.9131196
868356,0.8700161
1958802,0.94455755
2049950,0.9236922
3408509,0.89091957
2566139,0.83546823
3391341,0.39634308
13650484,0.95434713
12171002,0.9645715
1264735,0.16590102
13829025,0.9601009
2518049,0.02100316
3501851,0.36538628
2649387,0.009574871
3655879,0.008607187
2483865,0.26254204
2385148,0.97180384
1533252,0.9625304
3507282,0.8517085
1698648,0.97253156
2942942,0.9511378
2464290,0.24722743
2231823,0.9280917
10501193,0.90810084
411585,0.91565484
1643513,0.9479556
948674,0.1482558
1055813,0.25665545
3557940,0.9357373
2612790,0.010865424
819102,0.96910065
2489557,0.85426044
3503751,0.96022874
1998150,0.86165035
5285703,0.86071515
838014,0.77409554
2151386,0.7901065
4229402,0.80114645
2300727,0.9691965
4864445,0.9131625
2104220,0.06953613
2666693,0.024771951
12450189,0.026668403
5271462,0.8566409
834062,0.66103977
1868392,0.4366378
260633,0.8871706
3853650,0.9265995
2383757,0.9730032
3110509,0.8896837
2444284,0.81929463
3176859,0.9511275
4181528,0.8569598
1613531,0.89312047
2435748,0.05493502
2811843,0.9506989
897910,0.82546693
3493765,0.02032759
13827008,0.93386036
2642716,0.97260284
2713040,0.062231123
3811836,0.96579593
11122905,0.958724
2402334,0.9713523
2866374,0.97199416
2691769,0.12215376
1413769,0.9385734
1657500,0.9521124
5849940,0.9252898
13375721,0.008425095
2183145,0.8654291
2023938,0.84084874
1989510,0.9750242
1682275,0.95116246
3523611,0.950778
1562991,0.8729194
12773492,0.91324586
8998570,0.9411286
3339838,0.027278386
2928150,0.8726421
2269888,0.9343293
4544754,0.01005271
2264041,0.9470831
1915692,0.026516538
2364609,0.95996326
1843332,0.8904185
2090301,0.97121465
6938707,0.9449783
1010482,0.9555403
2259038,0.9314225
2439039,0.95851403
2133732,0.9246929
2641070,0.9415819
2228741,0.81921947
2172851,0.9759719
2348892,0.88900185
2001469,0.90796316
3156842,0.54896337
3978732,0.94668883
2575245,0.8600164
1144599,0.96593976
6772202,0.9545509
936414,0.6941879
1556184,0.8474949
3426867,0.42952225
3500361,0.84598297
2608304,0.26389572
4650426,0.91552144
2682396,0.9429354
2476848,0.07966907
13815022,0.020319054
2173811,0.015726367
13649304,0.90115106
1574167,0.9696602
4585998,0.28478163
2204856,0.9319283
2007793,0.9003863
2851200,0.91509616
2873675,0.96981657
2502148,0.89311314
2325360,0.9521327
398647,0.92894024
369545,0.97286373
2416642,0.67451775
1117334,0.9474008
2052943,0.8768286
2931687,0.9534831
2997129,0.945719
4937586,0.42832994
1692720,0.87265027
2773000,0.94249606
3118579,0.87588197
1529581,0.94517654
9937395,0.95598555
1095516,0.47549966
1835984,0.94752187
1954115,0.95823616
2043595,0.95529765
1818248,0.9739905
515335,0.51944697
1229396,0.95053905
9423738,0.97371215
2223582,0.9577952
6611132,0.9441949
10492866,0.015666906
1025144,0.9626426
2577747,0.010308811
2437492,0.95685434
1955807,0.8311962
2461678,0.46008655
2091224,0.95368004
371978,0.9660473
6391631,0.8573287
2902132,0.96762824
2742447,0.07098675
2656971,0.007327417
12561448,0.23510967
30189,0.6717965
3197407,0.96930695
275439,0.9612162
3551505,0.91959006
2571628,0.26596418
2475184,0.9639665
6413313,0.9662908
13427890,0.89322203
776809,0.9089965
2968444,0.91516775
1796120,0.96717596
2663752,0.012349668
2160491,0.092817344
2463182,0.13879262
3212817,0.946048
2336982,0.044499192
8311725,0.9154256
8781440,0.007890931
2419698,0.95160526
2542019,0.85575163
1983209,0.009661105
9281338,0.8353781
2358395,0.8531817
1481605,0.91227186
2353521,0.119144514
2268279,0.94285846
2895294,0.7185278
1674984,0.8769268
3932589,0.9411123
2637585,0.06356093
1039322,0.8419162
1296685,0.9242616
4961967,0.93209916
906704,0.96189296
770504,0.95793796
5284859,0.11527078
1709821,0.92119825
3426623,0.9511642
4200345,0.8027983
5193222,0.9438579
10483176,0.018087799
75698,0.7763768
2568865,0.015863702
4723736,0.87114954
1646224,0.9701322
9196138,0.9206033
3707873,0.46354407
8621026,0.9430185
1241652,0.9552639
2387136,0.18198554
1748501,0.82068765
11869558,0.4263675
2863658,0.9613417
2162128,0.40136227
3732772,0.013297716
14310441,0.92860687
2488060,0.90815943
4559102,0.9247075
3062332,0.008515183
1938094,0.6367222
2426922,0.933698
4426039,0.0121111525
2628327,0.9677711
1096525,0.95403117
2201239,0.9274385
2426372,0.32391945
1701348,0.94763047
13637806,0.9626144
3057509,0.9114326
9288324,0.033294424
10077702,0.9658135
6517852,0.9577533
6242012,0.09341266
2696971,0.93982065
3311446,0.06391975
1388212,0.956193
839497,0.9691008
6168513,0.90166587
2782353,0.55717677
3129714,0.02933048
11854367,0.8731399
385265,0.8865433
4846423,0.9403621
2243692,0.9354319
752677,0.9495452
1993518,0.9273899
1564768,0.9479748
3010499,0.8596204
2963536,0.8025417
3398046,0.45328307
5418355,0.9574324
6019701,0.8357946
2636841,0.15869792
4637014,0.83382946
1781106,0.929021
3022322,0.92579424
1036841,0.7967241
4830080,0.87314963
2036750,0.8546381
2612111,0.90318257
3759285,0.913416
1180674,0.9360751
1393745,0.86771977
4507880,0.7633379
8249705,0.8530362
1874581,0.9796306
1900896,0.9616658
11618006,0.0389945
4990314,0.013144421
1548837,0.97209597
1067123,0.9735903
109970,0.9495183
2849433,0.96929806
1808701,0.028198121
5630799,0.97969353
12186610,0.007321423
2856049,0.016460769
3238772,0.21511996
2288465,0.9549891
2735442,0.93183106
2877475,0.9677996
10958027,0.92362684
8142686,0.8785745
3464243,0.89645404
2636182,0.89390373
2428187,0.9707573
2881640,0.9504305
7903279,0.025586627
13587749,0.9739314
10938896,0.87234473
52470,0.40308085
431540,0.9622294
12135725,0.9501796
2324176,0.9622843
2444688,0.9622881
546988,0.8838622
425983,0.8880776
375133,0.9365623
4343178,0.014249373
7265355,0.9649402
2575960,0.041428197
1460829,0.75752693
7686469,0.9673857
940136,0.96486956
4624715,0.84875405
4375140,0.88668823
13637824,0.6609423
907908,0.19946757
3006879,0.9631309
6456811,0.90403855
2664789,0.742455
2263385,0.96488804
2652825,0.016102005
3435520,0.9439162
1253404,0.9765745
2427379,0.9811304
56347,0.37468272
12860467,0.019921571
1036161,0.9109344
537716,0.8556007
2036916,0.61473364
2234903,0.9559945
896662,0.10302367
11731347,0.93659467
2549304,0.9571052
2973030,0.943464
8036509,0.5106799
7960631,0.97963536
2100870,0.96104234
8410351,0.8854216
7095942,0.05053478
12362630,0.96178544
2393719,0.02369792
3832037,0.92812526
2242260,0.97068137
2651508,0.948574
2665114,0.8713143
7544544,0.055678204
3242024,0.47857586
2596417,0.8759532
2713715,0.96990126
1899420,0.017516186
5979574,0.8307793
5633531,0.88051754
1153900,0.9285266
2309911,0.9656944
2228652,0.011502109
2803184,0.9715466
3268821,0.0117636975
2487578,0.9619918
1436597,0.91605943
2038903,0.94119304
2470750,0.097045384
3503335,0.0126930475
1920181,0.94063705
2158463,0.010668573
780878,0.89753175
1281446,0.36956337
7224219,0.017340528
1797339,0.94919246
1383338,0.008858711
6188905,0.87852377
4096458,0.18226133
1081267,0.97027034
5947944,0.9660411
2321397,0.9583723
3184337,0.9054832
367492,0.5890289
2473090,0.023585537
917888,0.861039
2490014,0.9714774
2420411,0.009699871
5356726,0.015173451
2602906,0.6910483
1663243,0.8621985
2915925,0.020784624
12624942,0.94445735
2461032,0.35110623
313230,0.2995347
3454638,0.9329359
2360317,0.6805886
2843546,0.94973266
5076272,0.06999518
3482150,0.7023296
2923335,0.86647654
2821867,0.9504623
3839232,0.93872017
7761277,0.96582776
2117031,0.96482044
2932590,0.97128433
2406205,0.9170361
420624,0.95454574
2427081,0.020958144
3807024,0.9634614
1508025,0.955923
4845271,0.93981594
1083559,0.16768026
354976,0.93519753
928336,0.9736068
2946329,0.028459623
12013613,0.9368308
2612375,0.00913751
2443665,0.02511953
8820547,0.08520811
297993,0.023467667
2183406,0.9650513
3827233,0.97664636
12430996,0.9110572
1877176,0.048888657
2225007,0.06052706
2852572,0.051746313
1059065,0.93556803
3492358,0.8882746
2894379,0.9630148
1507334,0.9066958
1982681,0.9616863
1833162,0.96961737
1942006,0.96911466
3416365,0.963746
2145693,0.90851736
2607161,0.062916584
2447268,0.029769154
2292294,0.94223565
2967017,0.011761836
2571878,0.015508809
1403765,0.93707526
1696676,0.86228085
2119028,0.0106927
4069394,0.9552316
3293266,0.9739182
2089563,0.31891352
3620959,0.96166414
1802712,0.95908946
3757989,0.0413638
2065775,0.95958054
3473825,0.012186485
3591948,0.8280904
2662947,0.031103628
8864848,0.90157866
12327550,0.71085745
2716635,0.02355021
2732941,0.8755526
2316632,0.8257803
2876195,0.9192438
2281769,0.24383217
2566664,0.5251758
1727552,0.93858564
389252,0.9472662
3431979,0.7736854
228426,0.97525954
2343463,0.6951595
2870959,0.9656371
3491432,0.9724113
11510886,0.96961683
9689177,0.90512276
1180268,0.95571816
2404175,0.013884225
851041,0.9534807
2468257,0.07855985
13548699,0.90620935
4921634,0.9165848
905914,0.86503184
1429397,0.019862061
3072678,0.9423964
1946765,0.9529885
2789466,0.022754429
3476174,0.6583073
13740045,0.8933005
3974708,0.7166497
547246,0.9408908
5121661,0.91147166
2179964,0.78339547
2392415,0.89724094
417838,0.042581197
3858478,0.05339294
10872032,0.011104589
2361127,0.9737301
2562497,0.95761555
2430442,0.9403359
12469479,0.9431316
13949650,0.5987877
4590496,0.014154357
3265173,0.95490026
12612280,0.95816773
4179404,0.9723679
3949433,0.9486557
1513910,0.958149
391208,0.5734244
2876544,0.9676779
11368179,0.25108948
1984088,0.9554503
3777584,0.97469884
11756634,0.784166
1863604,0.27833167
2808155,0.90955824
1058285,0.892403
2742601,0.94810915
7258388,0.75444084
9480052,0.8387133
2587044,0.9281286
2604892,0.009328084
14524505,0.020006157
11067625,0.8784547
2482949,0.9466306
6013919,0.9378519
2090974,0.8046465
7169878,0.95932955
11856403,0.03531446
1730156,0.010128423
3376075,0.94422734
3108249,0.942458
5887224,0.15238716
2520627,0.0073699267
3026522,0.7849206
13427336,0.9124023
8970740,0.9651829
1688454,0.9400976
1531605,0.97222465
9323327,0.9134196
2471657,0.86729616
4447891,0.96433663
2546711,0.05192722
2981728,0.84115875
3723089,0.7047207
3872028,0.95652056
7828978,0.94855094
2465313,0.9698333
8949218,0.5251689
1372598,0.83483756
3139235,0.78451186
3008986,0.01184507
5727946,0.9435918
8410372,0.6303904
2171113,0.27094635
229866,0.96728903
13637692,0.92243135
31894,0.95306593
5864508,0.37543464
1235237,0.96158713
1237069,0.9478286
2370367,0.4550079
1846832,0.94268566
3453528,0.7780843
2318594,0.03821205
2310341,0.9233811
13134614,0.9076666
2376598,0.9739454
2155612,0.95563465
553107,0.94995093
9830886,0.9542109
965664,0.95530677
2596833,0.022299396
3180430,0.010057182
1236782,0.96267927
8763515,0.010271185
2030106,0.43675756
4989281,0.041554164
1868445,0.9098784
5198880,0.97532266
2204108,0.9362897
1185054,0.90083677
3426219,0.9493535
2107101,0.959582
2313453,0.97236913
3238923,0.87460643
1971871,0.7833867
1842004,0.7937341
1419187,0.93641835
1463529,0.9324544
3346403,0.9245561
4559965,0.9662203
7167580,0.9255909
312524,0.9610279
1603262,0.97863173
2475465,0.84284526
2664936,0.93770105
2635109,0.26043257
2885633,0.76537865
3276987,0.19037527
7617764,0.91806495
1008835,0.9548233
3231495,0.96817523
475855,0.05655033
3007299,0.9730601
2302472,0.9606074
10120221,0.93123543
7907048,0.8784073
5745047,0.931625
1906800,0.49156713
1813529,0.4237906
805811,0.8804049
3020459,0.7262574
3183862,0.25838792
12500533,0.854887
421775,0.92298263
2395582,0.8122057
1305328,0.95673484
4092726,0.95303196
3844340,0.94400406
2406801,0.94920087
1860071,0.95161015
13653227,0.9339134
2466199,0.90196353
2348516,0.007963539
3781332,0.9611554
2615524,0.03334004
2773085,0.96446115
234827,0.7234971
2735055,0.90033305
2814281,0.9502772
2972481,0.37386668
2640161,0.032561958
1201896,0.95296675
2465403,0.87160754
2921427,0.66606385
2436002,0.021517877
765703,0.9553475
2249624,0.391171
3459501,0.8800375
2661170,0.9758232
2339200,0.9605446
13268418,0.36721772
3026337,0.012857852
2350667,0.5980204
2436151,0.97820574
1975132,0.8933761
2666535,0.94481534
2396054,0.05916912
111492,0.92510766
3851594,0.59520996
14151942,0.9135674
1981453,0.010934827
3161804,0.961334
801390,0.9396735
3429866,0.94022346
13848357,0.9471193
1186809,0.918583
2391098,0.9412727
10935239,0.095105976
5219789,0.012917141
5285401,0.9544179
484189,0.82352996
1654420,0.944493
1127700,0.93172383
3530496,0.9067987
416725,0.886346
95389,0.8434601
2558430,0.00868274
1729538,0.9703977
6510751,0.9645069
6312534,0.9762018
2600586,0.010409709
2089650,0.924349
4094752,0.8615874
4729439,0.9723994
2477064,0.014309376
1072019,0.97633743
1770604,0.9492881
2316325,0.03266517
1422991,0.9683641
2244534,0.9045302
2570391,0.95654917
9321373,0.9342514
1982922,0.94622445
2620829,0.94746417
2550352,0.94259083
1967329,0.9555823
4764685,0.0071425014
3084187,0.9261502
2138209,0.75020355
14241673,0.13767976
9282944,0.95765096
6953704,0.92547715
1808271,0.9430047
2339237,0.8790656
3274770,0.9431852
1896791,0.9365028
2184405,0.9503248
2554876,0.9253467
2810765,0.94093996
2343048,0.9755947
3579542,0.9215246
2472507,0.6319142
477234,0.93272334
13932841,0.96083957
2506002,0.023289284
3488006,0.96464235
3415440,0.021249603
10006267,0.9256339
2717142,0.9738612
6291097,0.013634565
1705459,0.8947084
2506653,0.9378628
3567690,0.07899451
2327406,0.9510236
2570053,0.9064438
1436786,0.13325888
4652230,0.8636319
1891271,0.9003597
3949898,0.8072939
2101481,0.81371176
10196545,0.935723
2631144,0.012304599
1111812,0.496934
2313472,0.9468465
1157836,0.8902851
2727286,0.9636612
6811434,0.93834645
188570,0.96237534
1617398,0.038367648
12773690,0.95243615
277109,0.94081444
12813016,0.96173316
2551012,0.08771725
15283634,0.88433534
6243888,0.04062562
2785145,0.5951972
2648095,0.95529
2337084,0.94438475
3025267,0.9235469
145856,0.955381
4386032,0.94576794
3285309,0.9557491
10906075,0.7959633
920303,0.9657047
5836257,0.95589286
1980716,0.9806631
435828,0.020876046
4572023,0.05161816
4454893,0.92925483
1934447,0.931264
2518161,0.9094258
3800431,0.014113143
1370424,0.08105769
4867791,0.01970177
1152819,0.93036
3578999,0.9658097
10798499,0.9628928
3166571,0.9245185
3660968,0.08155276
13658066,0.87363386
2762993,0.96672505
1180719,0.9471471
2344984,0.82088107
1468200,0.97233385
828160,0.9487962
7401965,0.30984354
2687440,0.938197
2212422,0.5311028
1921990,0.9529032
2516584,0.97097224
2537345,0.010629368
3693061,0.008371277
3270433,0.02049563
2471169,0.86450076
2056222,0.96227163
2263590,0.90548825
12826756,0.9570657
2998728,0.91701525
2928441,0.8611196
3443921,0.0631603
2003411,0.93205667
7437683,0.91675377
8126672,0.936943
352528,0.8983877
2742133,0.012874723
2624817,0.45355755
1451769,0.9741769
2661817,0.93001986
4252818,0.29655147
2677839,0.011604251
1587104,0.53723055
6078504,0.19478321
3235968,0.926291
5916124,0.91302
2601483,0.9531752
2087468,0.90205574
2801277,0.9480096
2345076,0.9293452
2608927,0.9460217
10527321,0.9195464
7063368,0.88143563
2487807,0.7698819
1446633,0.8497306
13653231,0.971194
6074580,0.80981725
3080461,0.9561935
1369445,0.01021023
2371241,0.016984481
4845417,0.00917859
9280132,0.9156232
2023355,0.90139306
1507251,0.7159623
3471603,0.045586243
754129,0.965963
4235117,0.9188744
920062,0.8965066
2966314,0.08923094
7117394,0.015269249
2897678,0.8665827
2411642,0.008763015
2573222,0.36557564
946463,0.9525477
6943632,0.9547869
3756357,0.95494246
2765983,0.93473977
8468330,0.9649282
4134748,0.025612868
428993,0.96747077
3389133,0.9722511
2517382,0.018100409
2136384,0.31312698
8367003,0.011510721
2611978,0.009681218
3565504,0.05314481
2562831,0.9677362
4772105,0.97736824
2506482,0.014208481
2616093,0.9645532
3337049,0.87106067
2260065,0.92721504
3064549,0.9361889
9369960,0.956622
1148782,0.93345904
2399973,0.016677547
331213,0.96918327
1549578,0.9635826
12441996,0.05828069
1310862,0.96199954
2407645,0.961643
240814,0.2975787
5436370,0.047379833
2993442,0.6936993
6211487,0.93287843
3718897,0.62986803
2154823,0.7803666
2647308,0.77732193
1946320,0.96561587
345687,0.3176961
11188605,0.023168234
14533617,0.57491523
14886471,0.93720984
7496354,0.9574607
2564328,0.88507843
1072439,0.9566912
521727,0.95119536
2635487,0.925093
2470278,0.7335566
1452193,0.948439
2260333,0.63729596
11346483,0.968759
2049775,0.39266607
45106,0.952848
4759314,0.02435815
1727574,0.89160174
6755512,0.74081784
4072343,0.9503855
2415850,0.034096844
2464185,0.94812757
474414,0.94786435
4253712,0.8807137
2588832,0.014605538
4567559,0.10019596
3667462,0.9474397
2066821,0.4823535
2476603,0.9371505
1026136,0.9404965
4215473,0.9081796
10689416,0.97686815
2833974,0.013178025
4213502,0.9014877
1272082,0.961664
2603516,0.8825616
1390651,0.8724336
3627420,0.1709796
7661607,0.019544937
3839064,0.8555249
2126891,0.014870223
14152295,0.25116858
2358711,0.90326667
1043313,0.96793693
1089501,0.6195543
3694811,0.9648172
1562012,0.82969517
1966812,0.9094801
3466588,0.5642505
9246500,0.8969686
9613726,0.016265372
4398754,0.9058589
12123894,0.9710665
2444993,0.95303
13647552,0.9583642
11603600,0.97193605
2668616,0.86157167
13482828,0.8723013
2241015,0.679797
2733261,0.8458596
8866055,0.84142464
273912,0.027693702
2380574,0.9469896
1629553,0.025009941
2449203,0.9119996
850081,0.963617
1977235,0.97468907
3515009,0.9647378
3937852,0.93958235
77243,0.9198539
5051654,0.93622315
2581303,0.3587482
8600109,0.9652497
2182741,0.9626712
793443,0.9584425
1299790,0.81709534
2022857,0.0115365535
3216057,0.9372298
1032733,0.7976129
2659896,0.008115085
2984984,0.94907016
1378430,0.016035346
2493800,0.969649
3788886,0.9574
5899977,0.6929048
2559302,0.009222022
1612734,0.9804365
1355813,0.792332
2041669,0.4420723
1133706,0.20737423
2469457,0.9163185
3481445,0.7622816
2229063,0.9254802
7761950,0.9587272
2434497,0.9249089
528572,0.96983373
2229074,0.97072697
10211329,0.01628791
2665706,0.95527154
1732507,0.854052
907027,0.92417115
2489996,0.9675422
2233650,0.9671075
2666052,0.81094646
11919575,0.89931566
1830236,0.90210503
2040990,0.8880306
2000081,0.88674796
1582395,0.8006827
48382,0.919813
9788701,0.87111217
2532383,0.018845206
2502699,0.85431856
2679605,0.95943314
460090,0.9387622
512641,0.8748559
1155813,0.95100945
2992963,0.9456338
7829298,0.009122241
509772,0.83462465
1976057,0.6293787
10304104,0.010095451
3707402,0.56263983
3239410,0.09720307
1793137,0.9132802
1397801,0.75676405
13626652,0.8080407
2050249,0.89074993
768053,0.9303129
1088869,0.91552764
13868887,0.95678854
2165472,0.9704076
3513038,0.95800513
4736976,0.027404321
2855211,0.054950286
5822927,0.82708806
3536595,0.9515698
1548797,0.9000288
2446632,0.97380334
2667609,0.97876453
1714975,0.28300664
943265,0.8970804
2644177,0.9287818
1333559,0.9533367
1214480,0.9642474
870649,0.81488955
8601861,0.8619612
2567737,0.67969865
3057369,0.012072498
2661192,0.80475926
3201028,0.015106134
1914266,0.076799214
2224315,0.016259879
10300894,0.9145954
2821846,0.9093764
230239,0.961548
3932479,0.0076801865
2510050,0.91841644
1508864,0.8453652
13643695,0.89893204
3500597,0.9372958
1425540,0.90677637
4725918,0.97289056
2967838,0.94884515
1835933,0.9407588
3709955,0.04832154
3657085,0.97580564
6818707,0.95304966
3378659,0.8864071
6343886,0.9671692
13871037,0.9615643
3051070,0.3660672
2911035,0.0150404535
865116,0.91378975
3489267,0.944428
13602160,0.020833336
8355242,0.010449769
762612,0.94661856
3346328,0.031581618
1486442,0.9058793
3070018,0.91433835
11068808,0.026713436
3108585,0.9575821
229623,0.90400064
4569788,0.8251361
13549222,0.97327965
2104859,0.6481121
1826198,0.93643475
11905017,0.8064854
175949,0.89295316
1077307,0.97245187
2079647,0.9278086
2436744,0.62483287
7596132,0.95910364
280604,0.954964
2399635,0.6812747
837798,0.9488884
1912285,0.93785906
2740077,0.86045265
2044922,0.9524101
1889642,0.95216155
3972587,0.95816696
2057197,0.95144176
2364403,0.8577476
1380268,0.9328938
2325780,0.019744353
8222989,0.8279664
12892352,0.96479857
3150286,0.13192067
8884387,0.036485102
2049989,0.8961628
951500,0.928919
3344857,0.9589582
2249843,0.95006967
1936013,0.34079018
2827257,0.7759756
9542516,0.97167826
138791,0.8882285
2408827,0.81942415
3611694,0.89065224
7952759,0.45328307
14474621,0.85800546
3291002,0.9707639
9179463,0.95508665
1216914,0.9626614
2607487,0.9485513
1546884,0.9547313
3087328,0.019247029
2549072,0.8185347
7177487,0.21265103
4743095,0.9229431
1384093,0.60612786
3669561,0.9759898
4435621,0.009156155
2596320,0.949225
64181,0.38486543
2174947,0.790462
2342638,0.9585021
2614505,0.011606105
13946615,0.91918325
3274859,0.9696717
3081477,0.90320885
3534094,0.97403073
10991128,0.91682184
6997303,0.8712935
1060186,0.97219557
1837871,0.9343889
7045097,0.016805341
3787432,0.02296832
8140086,0.9490826
4004248,0.7226626
4518471,0.9112423
2897512,0.95792156
9588013,0.011366986
1079284,0.95750856
2609022,0.10579097
2517185,0.913314
2269250,0.012607802
13655012,0.91154283
4475729,0.14209457
2882109,0.9683178
2257632,0.95832425
1396934,0.86384726
2448125,0.8271856
2884095,0.9408242
2488628,0.8470736
1502822,0.92425746
2307463,0.96884143
2565292,0.8960776
4774419,0.9511045
1149504,0.9350729
1902246,0.94914126
2149531,0.9314154
9040922,0.94788146
1894162,0.92140263
3884401,0.16383855
2286565,0.9408883
3319630,0.89729834
1576629,0.831308
10119381,0.9613057
1527981,0.96462923
1780898,0.8234375
1688512,0.018796291
2315610,0.8917887
6053214,0.6642814
5896562,0.73934007
8594460,0.9059143
4433934,0.9691534
9958068,0.9744709
13739648,0.9320982
2987851,0.9441864
960803,0.91565007
3865378,0.95748955
423374,0.9440335
1818921,0.9644992
2455209,0.012407227
12015680,0.012898998
2771032,0.027344903
2853162,0.94364685
1637888,0.9727721
187137,0.7380628
10123708,0.9768634
942933,0.9581977
2530640,0.740216
1417019,0.83924484
13744260,0.97150236
2266886,0.96012604
503558,0.9737597
2397849,0.010995775
9522862,0.038647998
3537276,0.1700117
8372098,0.96844953
2833333,0.9522603
3300134,0.9639345
197844,0.029206712
12367663,0.5868623
3682628,0.0140066305
4161760,0.9386995
4652269,0.941252
1415022,0.09476052
3316774,0.89152783
1274289,0.9618293
1741912,0.97788143
3985800,0.8985077
12468759,0.9281909
2248956,0.16532424
2581664,0.33004227
2204225,0.90621454
1645447,0.94037217
90723,0.93302256
9722499,0.97831583
1215075,0.89778525
3213109,0.9757581
2484538,0.9222411
8409560,0.9668513
2470358,0.73133355
379949,0.9243962
3875135,0.9536122
2316552,0.96495736
3839228,0.875715
1861806,0.97153866
2132280,0.96087843
3090800,0.82925636
5789896,0.018193457
2187748,0.9613113
548555,0.9496583
3506568,0.9643109
3341718,0.96860796
3990445,0.8942281
1978557,0.9754378
2186984,0.0073578525
3740971,0.9613774
1631448,0.033065524
2201077,0.9740846
2552319,0.49462506
1736202,0.77945983
10208323,0.96613187
2915081,0.9409722
2807625,0.84688365
8963475,0.9664673
2244893,0.9682818
6939868,0.77401483
2645585,0.7632052
3430737,0.8984233
3271392,0.055486497
1699245,0.9310318
883069,0.9585137
14063243,0.020707542
950745,0.97599673
2888731,0.020071076
13726854,0.954934
6507051,0.06970181
2588942,0.8759007
2544872,0.01620402
323423,0.7873449
2823700,0.895548
3091107,0.010416914
6242935,0.00889199
3079607,0.010814837
2045285,0.036508087
2767763,0.52572304
2450087,0.89055663
7389872,0.88365483
2898307,0.96791804
13829953,0.029317034
1823196,0.2849821
2710772,0.97271156
9272970,0.9294838
5614406,0.9375078
1179565,0.007925132
1024517,0.93806577
2610407,0.96002287
3039355,0.63355523
4911116,0.78953373
13182440,0.0066324607
2031609,0.88574076
8478787,0.9500771
3869319,0.9285284
1977836,0.86410767
2196991,0.9497159
2055568,0.94813335
3553291,0.9055147
2524138,0.9349202
2006590,0.8696912
842028,0.749049
14318297,0.95606726
2262381,0.01288326
5064339,0.2267982
3263443,0.20975566
3555925,0.9298371
1510425,0.94454074
10744530,0.9696546
2133317,0.9453804
6445411,0.9688843
1548529,0.015300117
4647057,0.9674337
1793597,0.9020203
969140,0.9672993
2307742,0.9693611
2673420,0.93944365
1630318,0.9484966
5309075,0.013430175
2545443,0.9572783
1744120,0.7676273
8392422,0.59459704
2777355,0.97371024
1421547,0.75924945
1677323,0.69530135
2322320,0.9174259
8504207,0.7998525
2541085,0.94166404
1682326,0.7756114
3700202,0.90316916
12704102,0.9786775
1676571,0.8690361
4786877,0.031380948
2228987,0.96615255
1608662,0.012367012
3118126,0.008219063
453798,0.9644752
1182323,0.92606664
3739934,0.009452679
3026323,0.53223264
1156112,0.8567749
2820915,0.9512853
839360,0.9549192
6303280,0.013086376
10906718,0.013628436
2611819,0.9656272
3393846,0.79632545
2637423,0.9759937
3079288,0.9637542
2378438,0.94603896
2143332,0.8165715
2112408,0.91654754
5971793,0.011495197
10172591,0.34624055
2106488,0.94352937
1505244,0.9738419
2230035,0.02104936
2211475,0.94226897
32340,0.51487833
2180238,0.8820686
9652215,0.014477799
1049064,0.52140075
2001285,0.7366828
1902033,0.96036637
1938356,0.9063306
3237119,0.020463044
1553225,0.96288246
4090496,0.15187478
4457299,0.015486372
1616301,0.20245396
6436138,0.011060153
3500201,0.49847612
2593187,0.9549488
260709,0.9629279
429655,0.9402949
543260,0.94626534
14401815,0.00897147
2524932,0.2688147
2238472,0.009513127
2030693,0.90876323
2176292,0.92704535
2551449,0.95672274
1098622,0.96124554
860879,0.91968876
2627934,0.0076307976
448217,0.96519774
2677864,0.8978678
6670682,0.016767707
2045190,0.3539777
2461036,0.96678805
1278817,0.1373969
406257,0.8529524
1117636,0.97375214
1889463,0.20806913
1966657,0.9626209
169809,0.91335213
7237146,0.91575164
3676200,0.9695012
9024071,0.017713426
2256974,0.01420888
6394095,0.9510288
3220294,0.9628427
5782415,0.973763
2341726,0.9736266
1534477,0.9459233
1958826,0.8836024
2306603,0.9694111
891306,0.9711888
1480870,0.9652272
2207696,0.9337981
3811951,0.96923244
5085223,0.90449494
2466750,0.9555519
1671573,0.9110165
8579742,0.9683405
2812102,0.51983
910254,0.9496165
2282271,0.8520965
1498261,0.87869805
7699310,0.009985993
3596079,0.032142166
2210555,0.96920884
2426819,0.07624605
6060714,0.842767
960289,0.16640343
7224468,0.9430566
13709425,0.95598567
3655294,0.95157593
3670897,0.016232489
2333303,0.9222131
324657,0.8934945
2531074,0.90705806
1828219,0.41557592
7327439,0.9200181
2968026,0.30141303
2828742,0.9246361
2995124,0.06628404
1645391,0.9773012
2184442,0.9485001
2200851,0.9635818
12664742,0.93835014
2647619,0.9714309
2074753,0.9251252
2647600,0.9128294
7632755,0.9524236
9757733,0.94497806
2900508,0.85465056
3491295,0.87354547
14858012,0.86995345
1836000,0.9733751
8555478,0.14312309
6434014,0.8933901
1758394,0.9658775
2395665,0.018521167
6108882,0.9316121
6627087,0.95380616
1764101,0.8400177
2665369,0.95882136
1651907,0.9506537
2167084,0.56203914
1839758,0.8621193
860958,0.9513925
2182843,0.9567765
3365155,0.45328307
2450419,0.95798576
798969,0.87694055
1833320,0.9689654
1863404,0.9484692
1559444,0.915284
5042204,0.9229602
1096267,0.8859185
8232517,0.9235106
1751187,0.72463727
2670113,0.8605565
1285553,0.47181702
55150,0.96141374
2368727,0.9424123
458040,0.83370715
2443328,0.009322383
9347627,0.6451743
6778031,0.9579418
1821736,0.9535383
2441266,0.9374525
2381766,0.9332397
1144485,0.96285397
2697137,0.92742455
2610644,0.96137553
2273920,0.88199914
3808549,0.010215928
1569232,0.87099946
830649,0.8990619
3450552,0.9213642
13958928,0.90916103
3682539,0.14129443
3368053,0.92905825
1978848,0.96250486
1550497,0.9284749
1884871,0.972828
1706932,0.6099319
5813518,0.11369293
4467577,0.054366853
5135651,0.9152176
2932365,0.9106141
12384050,0.9038449
4123667,0.8305757
11851457,0.9383198
381014,0.13583077
2077127,0.6452689
4934564,0.013075818
3339798,0.028277168
324299,0.92474765
1791579,0.97195923
1580553,0.94264054
3119732,0.9333946
1067675,0.9688621
3522184,0.010707806
2102239,0.8610689
2053693,0.8775664
2683537,0.63135064
12059093,0.6335844
5044815,0.84361786
5317200,0.83316207
4767261,0.019697145
1973525,0.9604488
1868654,0.93525493
7233246,0.8773997
1707452,0.8789764
13651270,0.0074517364
2521385,0.88137776
2160601,0.83865803
2443578,0.8734244
2424010,0.9475141
3519424,0.03575041
2669010,0.9487978
1391429,0.96830463
3608983,0.90136194
3589329,0.5093661
3080635,0.78936106
3324950,0.95514077
953904,0.9582188
1787419,0.97667205
2216804,0.9693164
2207812,0.94009167
2304026,0.92154837
2972661,0.9121182
2058634,0.74850243
3925092,0.029424082
2488527,0.9657618
5692860,0.879134
4271200,0.9402753
3323363,0.97935486
2108874,0.619521
7336391,0.008398121
2435692,0.026136337
3635269,0.93104225
1966837,0.8861605
9662343,0.8350256
2674416,0.95200413
1445125,0.97490376
2353638,0.91172117
1993579,0.9201127
1781141,0.33033824
1604830,0.9684884
1124512,0.8467004
3427882,0.83133096
3016626,0.920749
2472020,0.9546561
3675531,0.83312964
1905505,0.94741464
370612,0.95931345
9445257,0.024089208
2462941,0.020945419
5773146,0.9439604
4651416,0.9762957
2384978,0.95866627
2534671,0.9423556
1079920,0.96650064
2868089,0.19314136
949522,0.7705277
2167794,0.020922344
2566220,0.9376581
2469471,0.019999852
2287206,0.9759512
996112,0.9493379
11916970,0.9461412
2373648,0.9201366
3036216,0.16506036
1242450,0.82611394
6123948,0.9562288
3262371,0.91040665
1978998,0.027148165
431918,0.087986894
2515604,0.9700229
8123,0.33591196
2820608,0.80950826
3969642,0.9466818
1676690,0.94772816
5758905,0.93921906
4025785,0.9340094
11785742,0.83828735
2151205,0.046384156
4665985,0.17750081
2151243,0.012046486
2336630,0.9553476
1977273,0.024631537
932913,0.9604134
442835,0.6870288
1956538,0.45328307
1902368,0.97372943
508655,0.9581074
1034402,0.9459226
10150572,0.9752153
2430464,0.9740986
3727207,0.9222848
11618130,0.9607761
2601797,0.9343969
2916891,0.9461818
2336061,0.7794587
2473853,0.9779739
181544,0.96755
836104,0.96818995
1739261,0.23085177
1452027,0.91390294
1932006,0.95344234
2588472,0.95513505
402230,0.95563585
11854516,0.95888674
1132177,0.95649844
2452937,0.8802893
3958000,0.96780324
1105528,0.81286395
8469061,0.9132395
7330832,0.9210261
4041731,0.026452057
2920437,0.039066765
7697310,0.95901763
4315296,0.912499
2466709,0.95490247
1861444,0.8132446
2804378,0.943979
6996514,0.96265465
3364257,0.96468437
2683351,0.021834575
2521847,0.9496413
3081686,0.8014412
2805491,0.9505166
2477169,0.94769996
2529349,0.9131762
13842346,0.9366099
1440184,0.9230698
11760697,0.052080818
1441045,0.95645744
1874987,0.972388
1930020,0.7153674
3002682,0.95978475
2552614,0.9705009
2379912,0.8743635
2384053,0.9192689
4064826,0.9331873
2822729,0.89332086
1714624,0.944294
8885667,0.9367514
4441788,0.054760348
2084625,0.95031583
1911561,0.86247575
1660351,0.31747675
2249948,0.8607472
953342,0.61823064
13064533,0.00918206
5889778,0.79587406
2587197,0.94199586
10365517,0.96712935
2206429,0.9780393
1225645,0.9604489
2809724,0.96156627
1413105,0.9358912
1836114,0.96015596
2275158,0.30053437
1730813,0.56340116
1433212,0.90611875
1149733,0.95164394
2417387,0.9623303
3529596,0.9092859
3077107,0.009606798
2754675,0.9640671
2340380,0.865271
3269628,0.97234184
13904916,0.96366495
2948966,0.77569705
3096338,0.0283584
14264933,0.96424794
2484256,0.069509774
6281584,0.46204808
1618103,0.9490535
2522285,0.86357814
227944,0.96910715
11959580,0.91628253
2487032,0.9680034
2964050,0.92475885
3613634,0.2508454
3120024,0.8556361
2927750,0.83920187
4318484,0.9723742
531919,0.32263318
1363133,0.8116672
12217181,0.7902401
2449838,0.93820614
2314696,0.071774125
5911273,0.9207136
376531,0.9376394
2661959,0.92293763
7330835,0.9706928
1978828,0.9274879
4082179,0.011215186
2509399,0.9148053
7721876,0.8389386
2303962,0.9491157
4316126,0.7985975
177824,0.9505197
2704915,0.32596686
3384366,0.9709082
2529396,0.010183732
14272190,0.031734444
2051439,0.9569552
103171,0.042540118
153850,0.27189693
4025324,0.9187241
2408455,0.9192549
1381580,0.97404635
11236573,0.9008635
2505817,0.9427793
5822996,0.91143924
12773620,0.30682784
968123,0.8737944
3034705,0.957193
3860668,0.9111281
2594908,0.037550606
847355,0.8955934
1197111,0.96209174
882162,0.92541486
2670062,0.5054441
3106161,0.04135354
3778690,0.9607964
13621298,0.8426876
3010278,0.012635082
3979283,0.011974393
2418148,0.56650156
2027842,0.9175048
2864746,0.9412337
2268300,0.97476304
4123939,0.8950032
7658460,0.048430834
2242751,0.82949597
519970,0.86100554
1129426,0.9449655
3971103,0.9402125
2451111,0.9590828
3877835,0.013246948
3539378,0.95613116
1474707,0.8697965
1185869,0.93254274
2370743,0.8910088
1741529,0.1630333
1089035,0.94548815
2760975,0.25059485
2325759,0.9222252
13631769,0.7597562
1679494,0.9558322
2394704,0.961425
1062187,0.045370217
1126372,0.9722854
2491836,0.90937227
12916085,0.11139102
820555,0.7494939
3828599,0.022666201
3565223,0.90358603
3803997,0.9576279
7453592,0.9768266
9207755,0.91531694
2229341,0.02181682
1700592,0.93720114
3317993,0.2127877
3434936,0.9609688
2888985,0.3559663
2588350,0.9673007
3594102,0.1203157
1629520,0.9458894
3592819,0.94563
2553300,0.9575725
113793,0.92615855
2489101,0.92574644
2440296,0.83068913
1810578,0.9597159
2645201,0.95701194
254146,0.0115620075
15848423,0.9731453
1911038,0.93269867
2339401,0.8370299
2616631,0.82676667
2477788,0.95813596
2368036,0.08993643
8201253,0.31035507
3275801,0.017011134
4441614,0.944658
2053780,0.95627314
12449650,0.90514237
8594287,0.9186845
2544916,0.7082009
5710768,0.92944413
3064459,0.93913615
2431017,0.8184344
3749879,0.96361846
63307,0.8668387
2551972,0.7954701
2582456,0.1592727
3739466,0.95701426
8963497,0.7608116
1820019,0.8064511
3331821,0.952031
13919995,0.9594856
2551758,0.85458183
2238975,0.9586533
2941939,0.87473
2688916,0.14204037
2831769,0.9433938
2905634,0.93388414
2644641,0.9624983
2370634,0.03138433
2567622,0.021744769
2830053,0.9618298
2966798,0.91073304
1642951,0.008539937
2936489,0.65597785
1470839,0.96697
1056122,0.96952564
2888945,0.93385786
3124293,0.020672414
9356403,0.015495535
2557661,0.9608536
2266332,0.8919611
8176533,0.9411338
1455101,0.93092966
2185672,0.95758474
2943689,0.9409131
1361008,0.8586769
11172837,0.9366496
2519704,0.18881768
1729907,0.89415205
1109920,0.95049834
3265105,0.014553815
3021355,0.94936466
3635909,0.11027632
3734960,0.9538809
1234050,0.97051066
3650123,0.9434212
1029551,0.66010416
2432098,0.9450121
896223,0.9682938
3822203,0.93047714
977680,0.9640775
13658138,0.9063777
3179196,0.9771238
2559365,0.008501345
1725477,0.06670833
11997031,0.9572919
4473118,0.6547416
2651112,0.95767623
11016447,0.8917396
1978329,0.9024991
1266284,0.94609123
4967483,0.96970046
2629822,0.9649829
3711905,0.9739025
1379949,0.96888757
1588173,0.009263935
2820954,0.9700881
4662957,0.95938563
2605547,0.96196634
1724448,0.96351707
1276360,0.90995157
3034271,0.94459075
2032767,0.96794975
3276146,0.9306596
7038220,0.008980632
5356773,0.014087755
7031987,0.96234065
3806325,0.9098664
2188769,0.96697885
1538510,0.95031303
1958096,0.6546147
3435624,0.008589395
430024,0.952874
3544556,0.9530104
2527584,0.73890233
2002369,0.7428257
3262652,0.9536509
2458755,0.9419132
851057,0.8357846
5871203,0.71085024
1942037,0.9729022
4178576,0.0134791145
2917026,0.9513014
4067312,0.97128826
2311596,0.8303045
8630578,0.9700853
2511973,0.030785773
1218132,0.8322102
2026653,0.85434645
13741275,0.9581244
469760,0.5956222
3240988,0.009579117
2571730,0.8603179
1313938,0.9599483
1501115,0.9593534
2410754,0.8924935
2412649,0.04467334
7505518,0.94190735
2317526,0.9186244
1513392,0.95926005
7537552,0.90426797
2808540,0.9258986
5847263,0.954128
8179600,0.8050938
2667248,0.91605943
778915,0.96272457
6651540,0.01856823
3443540,0.9631069
1189799,0.9046627
1266141,0.60081524
3454017,0.96827465
545785,0.42944983
3573544,0.9491421
6268566,0.96488446
7776653,0.9589148
2923014,0.9116215
2472385,0.9273521
10211751,0.58015555
2509664,0.89214826
1738430,0.93134266
46129,0.78789216
793824,0.8627485
1734062,0.9453628
1224502,0.8986505
2408320,0.554689
3191412,0.6853569
12695728,0.9611746
2583431,0.016874507
4317856,0.7549486
5636355,0.9550702
1479866,0.8605229
2344757,0.94556785
2596844,0.041765135
5777019,0.013443273
1363211,0.8926767
6090172,0.8718368
1499546,0.92628324
3240868,0.45328307
7713489,0.819281
2437420,0.9594768
2712415,0.9461791
5896175,0.9699756
2954205,0.019919658
978868,0.95555186
2546419,0.033780027
1167169,0.87758344
964857,0.73360276
12815573,0.9730409
2623788,0.905302
31909,0.95427066
15592178,0.0112545015
2112889,0.12789431
7038305,0.41961607
3153533,0.96415627
2230220,0.9557326
7724720,0.9433286
38655,0.96643776
1746457,0.9306227
4174742,0.042354673
6116608,0.9486358
4678521,0.11574874
4365143,0.97183484
2857672,0.9550286
3806187,0.9237564
2637051,0.3536191
7329365,0.93604285
1069694,0.95027685
2763088,0.14131121
2323565,0.9130595
2959547,0.017809544
4032239,0.97251207
3356967,0.8331207
1632018,0.44969743
5556007,0.95397085
360020,0.69805753
3399996,0.024038872
774667,0.94931984
1535337,0.80066484
2148164,0.91422045
2434962,0.009448279
6347344,0.88363624
5940782,0.96841997
5946267,0.9670019
3211251,0.9264378
8166721,0.9138868
1416857,0.95983964
703201,0.9660701
3574687,0.8252063
2853411,0.92017967
1795969,0.9592079
2991402,0.74464166
5675874,0.8665204
2495192,0.4998109
964091,0.9474468
3272080,0.9276097
2401641,0.9346365
40489,0.9312719
13636978,0.76850206
6328203,0.023029301
1851660,0.36843768
1032133,0.92219234
6510428,0.9687478
1489710,0.9630622
2102028,0.96615815
3306396,0.9511491
2524922,0.5430391
1032181,0.9102893
6414963,0.96381986
4808230,0.26340625
4695397,0.95164716
1559734,0.9322397
2958552,0.020094892
2859400,0.5660372
810356,0.96584696
2530012,0.68854886
1723780,0.9545233
3233123,0.9665786
10376928,0.6791263
3700269,0.9713415
7121580,0.38706213
3806993,0.95253736
2487916,0.45447278
2903902,0.025730725
2188788,0.972344
13818243,0.9570863
1008132,0.96790373
473717,0.9621132
2123300,0.94427663
6725150,0.007697264
4172525,0.9550054
3003826,0.51409715
1497294,0.9495064
2418823,0.8800928
502486,0.3151981
562241,0.87317264
2171727,0.9032038
530455,0.85867
2808477,0.97736174
2933776,0.72336257
1165026,0.9321792
2275015,0.68305326
1913841,0.53506273
904466,0.97786933
2485484,0.8540115
3210156,0.021132361
2414351,0.011766926
2246588,0.9525113
9314131,0.9427095
2873728,0.20004117
2590347,0.936742
13608751,0.95569736
3203704,0.013313617
15099121,0.8676932
2993553,0.9526161
1856294,0.92135364
1416502,0.6234222
2301476,0.9670078
2490489,0.3966364
2585679,0.9184504
6436179,0.02082999
2383193,0.92836285
8913102,0.95481074
5232550,0.88749236
2891806,0.9158243
3137448,0.0960097
7148436,0.034877308
2436616,0.9503153
1793742,0.9055731
508241,0.9617626
3132130,0.91388124
787200,0.8302843
3186782,0.024099238
2688076,0.967422
2537473,0.026774116
2044484,0.01195417
431541,0.9158366
6361731,0.4601294
502786,0.9518747
1281687,0.9662506
6078056,0.021251474
12809160,0.012315725
1956138,0.015469297
2610037,0.06299507
3574475,0.21959275
6113603,0.8659872
3761775,0.9590547
363622,0.047512196
2568688,0.013971717
4281597,0.00817392
926163,0.9278276
1880982,0.97597903
3172475,0.051717445
2490157,0.9454583
2804069,0.88309085
13815223,0.029473312
7839226,0.023897216
1786401,0.9650652
3894454,0.95731187
1053349,0.9634717
8167298,0.9258321
4834478,0.95834583
1693976,0.93099374
1817000,0.011367924
1983603,0.9489375
384123,0.86898404
2560746,0.96175283
2617164,0.5698511
11186559,0.252527
5042411,0.9000606
7057044,0.94219434
2322313,0.95356524
1367600,0.90519637
7778470,0.9360543
1627043,0.8768586
1467244,0.05487936
2030913,0.8429275
2485345,0.8271936
4729540,0.9670816
3211061,0.95677304
3124560,0.94993734
1870491,0.72817445
1508741,0.95787275
1610880,0.8863607
3432243,0.9393476
2057683,0.3366713
10348754,0.9654344
1671244,0.9518841
6101691,0.8249426
1815924,0.92589736
2603357,0.9680806
2647833,0.9478955
3186749,0.7735877
3803540,0.89615256
4172638,0.88069504
13228175,0.01716854
2349955,0.9681264
2894938,0.9727347
7114525,0.9563971
3989460,0.9019298
2947223,0.93351895
2531161,0.6685889
4707787,0.9522863
13643448,0.9163314
1064078,0.9526266
1083959,0.67247933
1823635,0.967469
7453641,0.96681285
3290053,0.014304904
6045389,0.97200567
1508714,0.9543576
2933180,0.0075235306
1029082,0.6614055
2646875,0.38767216
1097215,0.97028214
4946790,0.9367988
2586192,0.9734288
2732400,0.95089644
341883,0.013291631
2396097,0.91096723
12679188,0.97161734
3885881,0.95342124
7929994,0.8914353
3063926,0.01760524
2763234,0.93755865
1390003,0.9518504
1599003,0.8925833
5341004,0.916748
5004041,0.73066866
768014,0.9137736
4464249,0.9712861
2635548,0.83606017
3546975,0.0075487057
1297238,0.95787233
1032150,0.7431867
3127305,0.01448346
2635391,0.9556865
2348493,0.5007177
3783001,0.58547175
2560075,0.009482336
1689962,0.009825801
876479,0.9740432
2380141,0.0749095
413376,0.84452707
4192068,0.031097598
1820059,0.9577624
11260163,0.044721983
3838710,0.95688415
2437021,0.9551574
3553598,0.92194897
3732593,0.95038956
2090104,0.92837405
1455365,0.96410954
2588115,0.9114781
3881765,0.062293556
1213303,0.9689791
2370696,0.7764246
3074330,0.88651645
1223955,0.9547263
1108811,0.9473623
887210,0.7743713
3731738,0.072654806
2988204,0.95756847
5111656,0.97014755
1741605,0.8912938
7080439,0.9429144
3228855,0.9206253
3092313,0.9073563
2732871,0.3475721
3661358,0.06896913
5300265,0.9064203
2054461,0.9500713
1990857,0.13765359
773905,0.97064215
2602533,0.933205
918457,0.8853918
2811423,0.6260903
3235853,0.966575
504021,0.9581246
6826115,0.96804184
3438323,0.08563857
3702683,0.8874945
559637,0.94838697
5082150,0.921943
1852105,0.5706539
1757773,0.9539125
2540239,0.935377
3288277,0.818657
3377724,0.95814455
1367964,0.9190855
2335339,0.021087566
1334651,0.9473563
2601436,0.8838443
3146406,0.6989357
1365630,0.97206
13642279,0.94469213
2265447,0.95707947
8232778,0.11009466
1562209,0.7741569
1554006,0.9541588
3035157,0.61759514
2685161,0.9680368
2656623,0.8839913
2262555,0.9335974
3731980,0.88830096
1818732,0.93504506
8257324,0.020825028
939321,0.9074256
2355764,0.96855867
2645573,0.05655256
2643510,0.09661394
2615296,0.9415891
2342766,0.9430607
4456214,0.95228875
2976214,0.7227114
1542408,0.65681493
3420290,0.9352075
1883274,0.009912584
3370608,0.96268046
2915408,0.03535397
2148624,0.17563654
7421510,0.05606335
2913063,0.9725664
14912067,0.022532094
2363749,0.008167353
2301741,0.07222725
2688941,0.7949612
1713691,0.042139504
2034166,0.97948
3235990,0.070457846
4918119,0.012838014
9178590,0.8395615
14936941,0.02126515
2781343,0.014130124
4615292,0.9103967
521044,0.9491003
7660266,0.94506705
2497768,0.36856854
11139707,0.010527924
2246296,0.9710675
80682,0.84979117
2400462,0.89817375
5430458,0.16301285
7399552,0.9744051
2798649,0.9571605
1136382,0.9678964
487284,0.87001926
2200715,0.93854696
1583508,0.7188704
3779103,0.95026374
1569064,0.94129294
13660498,0.6846712
1509942,0.9588495
8584123,0.18411027
2263346,0.9709772
1537910,0.12115608
5229636,0.94579047
896191,0.94438463
1886172,0.96529293
2605553,0.09281499
2560396,0.84347993
3735830,0.055269483
384248,0.93011534
6331133,0.83845097
13840990,0.89758945
6184407,0.92917454
2001544,0.93519515
2360833,0.024274204
4248295,0.9718807
2878444,0.9663916
2672813,0.85842454
1789764,0.96394503
2234970,0.92626566
1892738,0.9706845
2376324,0.9434592
149563,0.90108746
9566516,0.9667926
13637808,0.89429456
13658621,0.9095435
3336650,0.9438874
1613546,0.076985605
77722,0.12495282
92093,0.9720653
2790268,0.97510934
2269555,0.96533525
1237736,0.9610234
1443031,0.9183357
3599760,0.3534481
3180514,0.510977
13846726,0.015789215
4240386,0.8521589
2504569,0.017545383
8079181,0.9640599
3781391,0.91811997
2487195,0.9463664
1886513,0.97035295
2966593,0.91482824
12673573,0.9615288
2849161,0.20760293
2399252,0.97408867
900130,0.5473969
9601619,0.93825084
10007223,0.95515394
7728362,0.858502
3941997,0.009000158
3316302,0.042120095
2797363,0.070498206
1193432,0.16056412
1373354,0.9308751
5059407,0.8913604
10690281,0.011572316
4209012,0.052137434
2562754,0.9293074
5626481,0.91074747
3380262,0.019183457
1525178,0.92090213
1291410,0.7872729
2072778,0.9343995
2639490,0.017818647
396947,0.93574816
10925313,0.8915613
2626395,0.9228687
13348241,0.03221286
3272223,0.94285583
11617173,0.97105485
2027030,0.9507744
2472022,0.8680938
8598235,0.8761095
2357391,0.76384115
1435451,0.92308706
3247205,0.9295594
865676,0.93179846
2604492,0.35162437
5051554,0.8912033
3658501,0.007973788
14626429,0.89495337
2683448,0.5095072
1680961,0.86841935
1808941,0.7885858
1807666,0.8504148
5810832,0.9216392
14266486,0.8853801
2411901,0.8963185
5070230,0.9703423
206783,0.9059242
1311390,0.93578595
1058130,0.95397735
1879372,0.96029985
860920,0.9572826
2489282,0.9556727
2184548,0.9616496
2585095,0.9598412
2267237,0.18008445
8773022,0.94002455
2884788,0.8980554
11042256,0.021396432
3847920,0.9670957
1455340,0.97780836
543812,0.93652374
2260522,0.9160751
3377590,0.88390404
519660,0.94270146
4408602,0.95190805
2006879,0.46360114
4858652,0.9600043
2265974,0.8786767
3263559,0.9521452
1853475,0.8500685
2734268,0.93042713
2275291,0.9030214
1686355,0.016785216
2920269,0.022482343
2129725,0.94090694
2534294,0.92709
2520040,0.025733413
1082397,0.9594561
3847459,0.07257789
3715452,0.97291476
2666106,0.96953994
7239787,0.009256016
2134265,0.9416934
2652696,0.010725718
3274401,0.9390119
3242056,0.93782425
2056432,0.96676075
3147818,0.8748357
3041711,0.6753869
4704979,0.86414444
2222014,0.8549043
2446512,0.9592509
3945826,0.96637595
1353838,0.94026744
2837021,0.9572286
2551182,0.9154628
4155139,0.12972927
2486171,0.9733289
2781494,0.94639844
2129860,0.7820175
1700483,0.9603368
8367037,0.95978934
12163018,0.95856255
3804043,0.9577953
1815461,0.973781
2928989,0.95571446
2457285,0.91616297
2550077,0.9292492
4980029,0.9654276
1139245,0.94550794
1841653,0.9406416
3195507,0.82525647
3193295,0.9685666
2108092,0.94112897
3388821,0.9609688
3763925,0.897555
1318856,0.91878206
3758078,0.94664145
1246180,0.009892935
62262,0.86147934
8187059,0.07296059
1826151,0.97854143
1628322,0.93596745
1186853,0.92829084
3526236,0.95919037
3728394,0.8975151
2642447,0.89386153
4072830,0.678791
12038136,0.90609485
2999215,0.8874907
2545730,0.9463424
5100495,0.92595094
2509962,0.9084786
2336371,0.89169765
9803468,0.9483827
2633543,0.00797738
3066977,0.91171175
498116,0.8875142
3824899,0.8113575
12114304,0.960485
1891442,0.8924414
11634171,0.93157154
9562250,0.014216196
209931,0.8684665
767194,0.9627546
2256733,0.13492122
2786318,0.97739077
2578547,0.8837839
4034568,0.9762665
2000787,0.9042498
3733786,0.9194471
3402037,0.9054366
2006221,0.96315265
1178684,0.96625686
4234495,0.8911415
2843754,0.16467081
973726,0.79431635
1121109,0.96890914
2430551,0.95217514
9273978,0.94547915
3489942,0.9275304
2609091,0.9657927
2139586,0.0108905835
3756157,0.9561186
7596785,0.9413107
2645898,0.8111871
2151093,0.9560989
9280330,0.8628747
11018402,0.9483797
1616840,0.77767617
2473228,0.924079
3821125,0.9594575
3562653,0.6367141
508485,0.95464265
3011981,0.9637897
1834033,0.5297554
2904125,0.94840854
4266795,0.29121315
13643619,0.90245396
2391266,0.95789987
295708,0.42074183
3880445,0.52222645
5003268,0.9296945
1103611,0.30341816
144863,0.8887113
1702453,0.93612266
11789887,0.9700476
3560659,0.96717596
1428860,0.9732424
3627361,0.61963713
798159,0.9516779
1134089,0.90441436
4072407,0.9599698
3971699,0.016190616
5812671,0.9637542
3014733,0.8472153
2437763,0.973291
2156154,0.95916605
2411608,0.9343921
966252,0.9600931
6772812,0.069929585
493374,0.9616032
2915310,0.94640326
11489355,0.9236647
2096619,0.58040756
3822354,0.944399
4275090,0.87616867
1797935,0.9317539
2262205,0.82555616
2158966,0.010620296
1664774,0.4534946
217930,0.945217
4677440,0.008332988
753812,0.7405108
2436022,0.9498357
3184415,0.016736707
12865104,0.018851673
975850,0.94964767
1026692,0.9506231
4655419,0.010747687
2609763,0.92301553
8834679,0.9535799
13364923,0.95084774
2445207,0.36571267
2435707,0.93992007
247904,0.96127903
1420316,0.97660714
13309665,0.107977316
3932635,0.93294346
5798512,0.013808521
3735759,0.8865026
4167133,0.006000569
3102769,0.90029466
30092,0.8637599
3227015,0.96621734
5968356,0.9246803
7156578,0.8840065
4608827,0.9571581
2866774,0.90845805
1608948,0.043696582
4828390,0.8028774
1561999,0.94393057
13642982,0.86701226
16700,0.86026746
2540194,0.9291019
2510417,0.71762687
1921838,0.9383898
4505344,0.26700494
2887716,0.9687146
2808623,0.92996365
3749794,0.96574146
3755787,0.013477016
1218412,0.49500948
1710029,0.93394345
3300284,0.95134866
1504221,0.9538294
4400556,0.9099659
2007906,0.768241
935481,0.87294346
2925019,0.010160815
3460927,0.9248452
2480446,0.72781026
2989838,0.044943165
2546358,0.85122794
2832171,0.94383985
1625014,0.96157926
1934452,0.9477559
4795737,0.9751193
7779102,0.8551881
3513790,0.9578147
3732566,0.9287795
2585805,0.962351
3688646,0.97108936
1943950,0.018593552
3046201,0.014565212
2483790,0.009990378
8981038,0.8506119
381523,0.9578592
1896025,0.976598
9961432,0.93779624
1455458,0.9638315
2284299,0.91552615
8287912,0.007390298
1431032,0.967583
2242801,0.9196978
2478983,0.2063093
3039244,0.8607438
2667166,0.9639067
3702483,0.05209161
6531736,0.9354754
2506779,0.9446369
1202928,0.9199421
2505015,0.9673093
7503429,0.013647094
10819375,0.9455577
4887747,0.012000022
3299329,0.9601445
3656335,0.9356942
3469208,0.9644613
2445965,0.012892164
1368147,0.94845957
10798080,0.9478363
2038398,0.9776685
2363731,0.0099995425
1719613,0.9550328
332427,0.032059025
13003572,0.9721262
12737340,0.9694542
2290644,0.95236725
2945587,0.014103142
1711016,0.9257431
13653233,0.7337329
10212125,0.007468762
1740787,0.92646205
3839373,0.9692327
12756518,0.12745617
3209189,0.9631688
1379753,0.9702065
3866529,0.46329206
406592,0.93015647
1117268,0.97611123
4181591,0.97214925
13868153,0.97559786
1303194,0.97394127
351554,0.90354574
2406144,0.9668332
2165540,0.007299754
4972494,0.9471798
2609217,0.9436001
2443855,0.9540849
2962384,0.8164763
1373860,0.8327524
1825594,0.942073
1191805,0.9590407
2494726,0.8137989
3836556,0.92425597
2436019,0.93387854
1900734,0.9713163
13874950,0.8633076
3782613,0.9646298
396764,0.77071434
7532006,0.48543227
3268182,0.9394412
2248742,0.9617381
1100326,0.9676725
448258,0.25406277
5498093,0.5310186
3156985,0.8972291
3454729,0.9105457
2710350,0.6548494
2099697,0.9595374
2913882,0.7978901
846209,0.9044631
3146383,0.91319996
2122809,0.012545222
6054365,0.91392463
8300025,0.9468189
10258595,0.6552259
1302475,0.49858657
2569182,0.8139421
1604681,0.9411374
1422772,0.9336874
1110845,0.9740691
1335887,0.95558536
890097,0.9348238
1984715,0.91949457
1833390,0.8461183
2466076,0.9655338
3926938,0.93455285
1513470,0.9495725
1394676,0.97238356
40508,0.93290687
2185177,0.5214055
1133980,0.88998604
3338542,0.48007652
2265457,0.6461343
3176494,0.017262077
1998709,0.9589259
3369406,0.9589681
2731693,0.018319564
2644181,0.34473914
2555473,0.9482621
2130282,0.9132695
2799844,0.040058047
2268172,0.87802
3086781,0.9678581
237788,0.8008819
3373737,0.96766245
991473,0.8540406
1078143,0.94592345
1274570,0.010659377
13260606,0.96205115
1958886,0.8926026
2869293,0.94246167
2369236,0.96077716
2872404,0.86520225
2713591,0.9082663
1027892,0.9013757
7299399,0.06221734
5077746,0.9191511
4387734,0.9284765
13643000,0.95835
1767780,0.95586216
1538645,0.954902
2213852,0.9501799
2667952,0.74955785
9280194,0.91655856
13132159,0.9309104
1754652,0.87867963
2309145,0.9663246
3611419,0.93321097
497722,0.95328885
2328430,0.011450832
3493493,0.9034907
1376154,0.93297803
145441,0.94397634
2841634,0.93637925
3938634,0.026965698
1849933,0.87335694
2702921,0.9675954
9899694,0.07239268
2185511,0.88098425
1128181,0.9482891
2531507,0.06989434
2611637,0.96512115
7986773,0.9600394
1838816,0.7319778
3541068,0.84804845
2425385,0.9067546
2625351,0.9705566
2347538,0.8906829
542447,0.92120934
2473497,0.92938656
2727325,0.7848746
2983659,0.020840969
1404456,0.9489206
6212327,0.90111196
1832879,0.9575712
2369244,0.91683596
2069852,0.9588814
2531499,0.024854265
2599033,0.9440244
1894082,0.95823145
10283622,0.97684014
3699323,0.75549865
241261,0.8760079
2649038,0.6536807
10667811,0.07685229
6242116,0.9391912
1839302,0.9397415
2241497,0.935759
13740004,0.95046645
1584258,0.9760825
13653229,0.965711
4225434,0.059950735
2531963,0.94134337
2386154,0.9721291
3409469,0.94234824
10052752,0.955196
2471979,0.08843141
9011166,0.15994482
2446931,0.008441004
3543911,0.017338999
6627341,0.31110454
2245608,0.1611215
2110440,0.901416
1049795,0.6719492
2655284,0.9597697
3934524,0.9539714
4935363,0.82018083
2273001,0.96365154
1954694,0.95616287
2843111,0.96161133
2546970,0.9700983
1667161,0.9586147
9380055,0.96181047
974535,0.8735524
1357688,0.9398652
2230807,0.12169684
4878796,0.07316682
1214949,0.71518975
1276906,0.49532035
3426934,0.5645753
3153864,0.93231547
3657489,0.9403211
12875346,0.9479849
2363073,0.9193482
2406802,0.9505733
1012354,0.5945102
8274211,0.872054
2623928,0.016555863
2492248,0.0264305
8225604,0.9125633
2654122,0.95702714
2681185,0.9667778
274961,0.7853254
3439280,0.0096861115
2380475,0.8630485
1069037,0.9604713
1701701,0.7946518
6092354,0.69307095
478327,0.12990688
7775277,0.9242147
7183241,0.9216834
2472032,0.9359451
3042636,0.038084477
1042007,0.95091736
3363968,0.70580226
2641687,0.50124204
11983282,0.9301568
5030250,0.9303648
2102812,0.95851105
1933257,0.04612098
2932976,0.8848913
1392715,0.0065068617
2520373,0.8946028
1944368,0.9696889
2521145,0.9372248
2436741,0.9665418
3875773,0.7972633
6174844,0.70986414
3057890,0.880742
1620360,0.9659407
2610245,0.9414394
2357159,0.8073731
2063009,0.9665687
7697500,0.7736535
5076074,0.94321203
2787733,0.9542061
2592486,0.9709689
191209,0.94346726
3971512,0.7079096
5792938,0.76917154
6509195,0.047336835
2726120,0.73341227
2613234,0.95474565
2449361,0.95490974
2316945,0.93113995
2488385,0.8851606
824700,0.84533167
2710438,0.9644733
1791636,0.9501535
1077065,0.93337935
2053206,0.89195096
2598500,0.9507185
3712661,0.9611423
2845527,0.91498935
13874982,0.96794087
3336224,0.9707794
2845020,0.9610236
5811154,0.96839964
1846761,0.848255
4056354,0.9465963
11302968,0.009188448
150823,0.94490707
1002839,0.9682692
407283,0.9681112
948095,0.9614455
2335330,0.93281496
869713,0.9792981
1904243,0.018581621
2761831,0.95124304
43392,0.60531783
885629,0.8996776
2585646,0.018639995
2415442,0.011571427
2455202,0.95824885
2173588,0.9221009
2953843,0.8791941
7500737,0.9431286
1297832,0.93526417
2659214,0.8842196
2640131,0.9707409
1829877,0.92515725
8234377,0.94594616
2630157,0.8634606
3233234,0.95505345
1647006,0.89506507
3143068,0.9165313
4223267,0.8805877
13704438,0.9024393
2627232,0.97233284
8083686,0.9425543
2325032,0.9414674
1853808,0.9672783
2056165,0.96262455
4824760,0.9740001
1153951,0.9495004
7208349,0.93864673
2029641,0.95043063
1750851,0.95929235
7675694,0.855129
2296391,0.7668063
2938621,0.92585343
2891976,0.89460564
1187054,0.8370823
4344048,0.92650735
2186715,0.96075046
3366441,0.9691998
554126,0.960537
1012249,0.8471756
5378050,0.015054396
2601476,0.86727464
2201429,0.010632698
2089117,0.7085851
4147000,0.96901
11199708,0.9320049
3261996,0.96221715
3043279,0.13668557
1734967,0.5804485
3762376,0.011870923
2048764,0.96728957
2516190,0.08765926
1918036,0.008430133
1935587,0.9634166
12126315,0.878758
2449963,0.86954135
1334666,0.7737021
4969366,0.96844816
2762967,0.9739336
10151732,0.9649387
3974401,0.97587967
3365205,0.9731007
3731311,0.9767045
10941350,0.95430714
2968297,0.8382855
2493337,0.9726648
2086481,0.9672706
3525194,0.917113
2414125,0.9687893
7952258,0.94359857
3690951,0.68076766
1576296,0.7141891
2020273,0.97432435
3074843,0.9217946
3770620,0.9391732
2627684,0.9060609
2192271,0.8194544
1815548,0.9340108
10373695,0.010547898
2280801,0.8917693
2634564,0.8437504
1796312,0.7627823
8969269,0.6010068
4586476,0.92431116
2559154,0.015208027
3781330,0.9568029
7996049,0.9094813
3307802,0.1206211
2854418,0.8775938
6293631,0.0108894445
1244063,0.95659846
161389,0.90911347
2790639,0.931301
2319691,0.9309356
2626578,0.92304754
3513049,0.0065961364
3080311,0.9449572
7022834,0.05371042
8335930,0.16505468
2070533,0.9462662
2644057,0.0306034
2350723,0.8661489
6289217,0.95893717
2430928,0.95172834
817116,0.9245363
2468466,0.86394036
363164,0.9050962
11648636,0.92048985
2868205,0.95566785
2821854,0.9506401
1336073,0.8703506
1818046,0.9245008
1989514,0.96023047
1574951,0.90950173
2054866,0.0420279
2452414,0.19936804
3426005,0.95517665
1441562,0.9690277
11346241,0.8218496
1852064,0.97658825
2778577,0.95700216
4861649,0.911891
3782835,0.9057616
3545695,0.88426954
3216158,0.73771113
6634954,0.9556055
891242,0.8279379
8322922,0.9473459
1845495,0.95650434
3027450,0.9628443
137205,0.05024444
1091788,0.9489208
3530198,0.077551074
1019827,0.94919086
2805795,0.0073281354
3277702,0.92789686
6192499,0.018855814
2538576,0.058057543
3665005,0.9547912
11425957,0.96688354
3464769,0.18949817
4657565,0.94433445
4581359,0.012295766
2525537,0.949647
1677425,0.9366643
2724761,0.9584849
7453475,0.94666874
4890409,0.9239014
873791,0.9208273
52712,0.8898775
12186055,0.014785277
2736043,0.955302
3344582,0.007649475
2721059,0.9177623
12694468,0.9604592
241499,0.74177676
152308,0.9591078
4180543,0.87295157
5030243,0.9646243
8407970,0.9211069
559874,0.7551777
2410485,0.9349554
2762942,0.013651916
333668,0.017296156
8286826,0.946454
5100336,0.89442
3097924,0.19813643
3225475,0.04943643
3550854,0.52954084
3499257,0.9016429
2633475,0.96448606
1214175,0.96864665
1454315,0.9685335
872549,0.94856983
2829711,0.16127518
13169070,0.029323535
9414096,0.016688162
10954688,0.9139199
191698,0.956607
201537,0.027754202
3321666,0.9709179
2473001,0.3818711
3174550,0.9496612
3955006,0.023319026
2404541,0.8685739
2288474,0.9477189
2237040,0.07477436
1875505,0.8273993
2135618,0.016017795
1941878,0.9635805
326488,0.9594334
3894357,0.91828746
2234955,0.92464674
2424045,0.931928
2429424,0.9601901
2094778,0.913025
1054206,0.797025
1989287,0.9664283
15161127,0.050558694
207892,0.95185244
2638843,0.02256836
2977432,0.3295163
925172,0.9732868
367777,0.91762745
1691473,0.052249435
1703181,0.09393181
11672732,0.009682736
4047230,0.95232993
5812321,0.9659945
2659612,0.8552414
798651,0.66650397
2898412,0.8878942
1556642,0.9560175
2360632,0.056532286
2690725,0.8775014
3015084,0.9200305
6244641,0.9324251
2572993,0.9249552
2600768,0.9154417
5210596,0.96373415
1910554,0.012570145
1610130,0.91342485
5292432,0.76940453
3903775,0.94592226
2651517,0.9624936
1864227,0.9699593
2405925,0.9250942
5640911,0.9698286
1727795,0.9523376
6343686,0.91829544
9182685,0.6716612
3325930,0.9037333
2437319,0.8600313
875292,0.24719554
8722487,0.08820445
3460357,0.94466245
3658985,0.74826986
2644751,0.90216875
2752737,0.18815608
1357354,0.85198486
9050678,0.9514383
1790884,0.9671674
2414958,0.88608396
2289828,0.87779367
2623080,0.90182745
477872,0.96610504
1828660,0.8080315
2862373,0.9505424
4807124,0.016475568
7075167,0.24701609
2004839,0.008218512
2022461,0.97830826
2139632,0.79165727
2475462,0.9447219
1079347,0.97388273
2439117,0.94018257
2051124,0.95444214
2154661,0.30691183
2408960,0.9698322
2490171,0.9650948
5672574,0.013146338
1450139,0.40843463
1335896,0.77134144
7227488,0.90409625
2604864,0.9164546
13642297,0.7001982
2809873,0.96147126
5922483,0.9156749
2838288,0.9139361
3962819,0.8328533
1079470,0.9749239
5855216,0.91754085
3365762,0.5210607
2536106,0.6742075
2812954,0.94507855
1589603,0.96283174
9706861,0.89670324
3222049,0.9609395
2139784,0.9691009
3011193,0.96887624
15199088,0.038360663
898581,0.8287567
3770956,0.94819003
434419,0.6940035
1943390,0.9204558
502406,0.9047762
5897236,0.9709819
2635639,0.9734657
9744593,0.9697056
1695446,0.8853198
6186247,0.96180683
2583933,0.8964129
4308521,0.012537022
1652756,0.23106255
3468125,0.68188477
6994762,0.92585474
3911849,0.8794684
2444458,0.012256368
1482168,0.74590176
5084879,0.8631083
2426503,0.94312644
3693508,0.9608385
2668277,0.009679701
1878642,0.9472961
2573570,0.008372088
3877297,0.18862285
4300534,0.6036766
4254055,0.8871749
7272160,0.87714815
6842873,0.947585
3169346,0.09176705
2591226,0.96041
3492662,0.007144635
3179691,0.9611421
1178053,0.8919638
2290806,0.76519245
3543492,0.96123725
1143664,0.86237866
2388673,0.85888106
892671,0.96277463
2303720,0.97361314
2797156,0.9039721
2348228,0.9364305
185084,0.861725
2090000,0.9379592
2564166,0.90146345
5345194,0.75418067
1140518,0.9138948
2516311,0.947907
2762403,0.7858507
521059,0.9422399
3832156,0.76653767
1219036,0.92808956
830123,0.93090373
801608,0.95614904
5193399,0.9008298
2176057,0.94763243
1522745,0.010366336
1146529,0.93955666
3699228,0.010210013
3051075,0.021343827
6945749,0.94722015
2459964,0.06577481
13643277,0.90449774
4254636,0.05250414
4801044,0.93535876
5947421,0.9437103
189642,0.9758277
929982,0.93981856
1922776,0.008904884
3153889,0.9562046
6447421,0.017788894
6935544,0.8791329
1870158,0.893039
3333133,0.14406973
3261214,0.06370102
3012959,0.91494757
12312097,0.022955274
2986683,0.4367611
2494731,0.8064854
827883,0.9472752
2044336,0.93347514
1675110,0.8554276
1569771,0.36000356
2413386,0.9441493
4683409,0.8423636
1703341,0.97537816
2139629,0.9696064
2058196,0.9203213
754401,0.44701454
2660700,0.46236727
3443528,0.94877434
1726103,0.94206464
4784455,0.9530079
3712635,0.55549747
4199019,0.93894315
3368616,0.9547226
2937894,0.72709846
330528,0.9350062
99773,0.9698359
8651524,0.00951688
1924707,0.8675281
171181,0.8534134
1785487,0.92592907
3984683,0.079281375
2701531,0.35062504
4201998,0.95413524
13637826,0.92286646
3341865,0.919565
2557431,0.9465613
332707,0.43374968
2749188,0.91849786
776784,0.93519294
2180240,0.73560846
1618510,0.95287377
1301281,0.9551146
2248347,0.96549404
1155067,0.9601984
13674063,0.6582654
4225483,0.8538199
1056413,0.9026673
3237384,0.9048738
5899839,0.9526803
1478825,0.9511124
4647811,0.94456214
1438245,0.90774953
8851977,0.5719196
2593482,0.0146618495
4313353,0.9451236
2531587,0.9792612
8118611,0.8362318
6633051,0.9295671
3287054,0.8192966
1679254,0.010506546
1384564,0.95719695
9237811,0.6522527
2896791,0.9595337
2161505,0.037998114
11039303,0.93129945
8924976,0.86805665
1077441,0.90681696
4400568,0.95962113
266931,0.90720165
2734621,0.014954256
7168757,0.96272135
3273506,0.4769178
1974048,0.9621135
1000796,0.9506446
10952386,0.93218607
2180475,0.9733497
532404,0.92328316
1654591,0.34434828
2735872,0.9726678
3961735,0.015269908
2841964,0.951687
3419142,0.009401218
13191797,0.8934199
458447,0.95624655
1058438,0.93546206
3251112,0.919905
3151192,0.80132025
7792753,0.9095613
3569788,0.023095373
6029543,0.9648542
1859678,0.97323227
13658632,0.93278444
384762,0.96913725
837880,0.95423126
8473129,0.009612247
2584993,0.9668688
2728517,0.9100135
3823141,0.95350164
2618966,0.055985935
2667256,0.9700513
2590555,0.9337472
10063250,0.9615772
14102982,0.3605009
3319474,0.89858055
6094212,0.01847761
2368959,0.022911021
1278531,0.9038246
370907,0.6455651
2928604,0.011278573
1690877,0.95962006
1725929,0.96858203
1992847,0.9623032
3213110,0.95229816
5964503,0.91918325
1960564,0.9554887
3796604,0.054459054
132165,0.95035267
2411190,0.08791015
3394095,0.55522686
93054,0.7991398
2509171,0.96996486
2803393,0.9669348
3369994,0.941177
150413,0.803878
13191730,0.8760467
460529,0.912132
3718174,0.020333324
3460918,0.9438409
2490242,0.90446097
2046130,0.8474339
3140845,0.016446602
855339,0.94913435
2548221,0.07239805
1808403,0.9533561
4949078,0.012608531
3061887,0.9673355
979009,0.9490443
4175061,0.92187643
1753132,0.49239528
217348,0.9561549
3444337,0.89852387
2500653,0.052689858
2822903,0.9171759
11761163,0.009022445
3596422,0.09241029
222776,0.88861805
2054211,0.93034816
2365952,0.9527611
2202508,0.9525577
541381,0.9416517
937134,0.95860887
9665923,0.9552849
6237079,0.96724945
2090139,0.759538
1843002,0.9687575
8381808,0.026093382
1269272,0.9671432
1589440,0.8231631
1171875,0.6465267
2309061,0.015445887
5197625,0.9021608
2954387,0.3780064
2433825,0.93300056
978318,0.9492673
2231147,0.89523375
1717926,0.96896577
12502561,0.09336191
6327326,0.9727045
14084477,0.013741714
1686245,0.7414478
7382139,0.9060833
1808183,0.96992815
2436348,0.96575713
1931942,0.9329663
13996255,0.07712579
4611139,0.10536165
5063425,0.45492962
2483128,0.67625576
1744511,0.95063686
6090003,0.9423324
1587571,0.76349705
1543435,0.9670156
2891320,0.07900658
2323267,0.93675214
2512666,0.8496889
6052100,0.6375425
2356174,0.88494897
3077031,0.076512665
2834606,0.11956188
11948072,0.7644937
8291547,0.96114945
1988380,0.961431
1606305,0.97450036
2416468,0.014732823
13659115,0.6859062
4401659,0.9576309
2214144,0.016146637
13638650,0.92152137
12607300,0.9603877
2577016,0.9314157
1490672,0.7211455
2523543,0.9647664
11620152,0.96380764
885618,0.931909
1940747,0.17705561
2499683,0.6573064
3787766,0.9733643
2460546,0.94111335
10410116,0.9432847
2069774,0.9004517
2631780,0.12564264
1952145,0.95903015
8801826,0.012338238
4134796,0.9148895
1853253,0.17454743
3464569,0.9668227
2650050,0.9707863
842570,0.9683051
2310527,0.96924084
1515173,0.9746719
3628893,0.8372568
2825509,0.94534075
1556646,0.9705897
1937970,0.96997494
969673,0.8986192
6671841,0.94625443
2355408,0.6124387
1839050,0.9581358
2296569,0.9169801
757107,0.9686575
2838451,0.019258974
3483166,0.86149335
1056080,0.85748506
3469354,0.008409144
2139798,0.8779961
13946617,0.9579398
11301065,0.9235774
294122,0.887736
2625926,0.9586341
2221330,0.9163448
169016,0.95489526
10263997,0.034049615
2608752,0.9674603
10778027,0.05796744
2485101,0.949476
1507306,0.9609242
2458966,0.97223413
13643314,0.8921085
2826866,0.9607927
2070134,0.79850286
5801580,0.9767279
3572250,0.03527764
11908480,0.93363035
13913467,0.93648654
2527911,0.01591117
2177097,0.95344114
1282149,0.9688768
1115379,0.8687882
797219,0.009372049
2978682,0.027579606
5336910,0.03629601
1871988,0.008323474
4049487,0.9483588
11532002,0.94819754
3466018,0.97240746
2797942,0.7811976
1387237,0.9632313
2518897,0.96827924
4204585,0.015380731
4891897,0.79674715
1095347,0.93054485
2787643,0.09511197
1741098,0.95561135
3321335,0.75984746
561247,0.8772186
1967277,0.95054746
3421518,0.9618857
2119699,0.79290515
381993,0.8382856
2600423,0.53817385
1551505,0.9499125
1874353,0.7056974
2607521,0.019229367
448031,0.91743517
3977620,0.9247759
3490227,0.9469601
4191517,0.9549059
1571483,0.9661283
3989537,0.821151
11372857,0.8920554
3223128,0.17257735
2183445,0.87234944
2571368,0.95067304
2142312,0.7063356
1600280,0.9663685
2351872,0.93562514
917770,0.97135407
3458946,0.9658482
1556078,0.48137727
2297293,0.92435575
11183604,0.8027267
3730225,0.015999129
2897276,0.8870827
494255,0.8801251
4543942,0.7514483
1533653,0.97129625
2223637,0.93370444
137021,0.9169791
2523237,0.95364505
2606969,0.8426138
2975285,0.22468425
240678,0.97282434
4085885,0.9638209
2518106,0.9075214
2254486,0.95559007
9483044,0.26048183
48631,0.9447936
1845510,0.9798866
2571399,0.9013968
1915338,0.9702325
2599408,0.010487775
4655329,0.95634437
7992428,0.0073617543
557142,0.4469106
3184656,0.8629385
2521328,0.9617442
339957,0.9701455
2770299,0.010932284
429223,0.9256687
6803937,0.9718471
3191255,0.78308624
3545722,0.966674
1223098,0.9551373
408948,0.41788718
3458782,0.033178885
3324337,0.14931053
15394510,0.22885804
2247249,0.53072554
13659207,0.92595786
4819444,0.028565342
1678848,0.8939057
1544105,0.9630802
2158280,0.3021053
5971476,0.6774075
3113161,0.020012904
2913159,0.9786556
3126326,0.2619249
2799987,0.8895474
3435198,0.7861543
4123377,0.94060946
2961698,0.95146465
13318582,0.7657597
6523673,0.026220167
2478337,0.92759407
2602470,0.96437496
59617,0.881623
2922034,0.9401094
520525,0.9665259
3587568,0.34760225
14863400,0.009832502
1201700,0.9410955
2312420,0.95356786
2509294,0.010253082
2583688,0.20284769
3241959,0.011057321
2207771,0.9743086
3740731,0.9733767
2261130,0.0788232
1961714,0.10034071
3491546,0.71343726
3373864,0.13882558
2574536,0.024834696
3546940,0.06063342
2288049,0.9165716
1864937,0.28212297
6467996,0.88781124
511701,0.8688536
1201916,0.9232584
1120035,0.92894816
861076,0.9668393
968627,0.032947578
2770242,0.28733262
2539370,0.011201489
10956826,0.9626914
11757786,0.8058209
397678,0.92972547
3699325,0.92312014
11921069,0.42827234
7093666,0.6152164
3719268,0.80709875
2642611,0.8401254
3845985,0.9488347
841717,0.9434314
2814372,0.28004035
2654588,0.94801986
3247776,0.97336787
2575020,0.9517528
7014250,0.9449522
2152074,0.90648055
4388463,0.96928936
1121316,0.954898
4135474,0.96212995
13324223,0.9268751
4319726,0.9326074
1867378,0.9252148
3156309,0.011041856
2608504,0.9757034
1254367,0.81808615
2431387,0.93944705
847460,0.848405
2329578,0.8996926
2652271,0.8895219
1078624,0.9721406
1331391,0.9784814
7412977,0.9739362
3096292,0.013896047
4745701,0.932034
2605066,0.96242446
3333962,0.95347
2727139,0.9512705
3534620,0.94994307
1665935,0.60414034
6857977,0.9425453
2531648,0.97132504
6448038,0.84520084
4067524,0.93495345
2159807,0.0077885548
2761644,0.9566722
2179556,0.5094599
9488858,0.9059145
2734214,0.97314113
3620303,0.8014673
2609812,0.19893059
3749632,0.97252256
2404646,0.94701535
3791406,0.9467445
2651790,0.97953653
1218410,0.51724946
1518811,0.6934982
2656882,0.94696265
3095304,0.96629137
2740314,0.29280123
2142946,0.45328307
1932094,0.9776831
9232908,0.013347003
1274297,0.93431425
4920022,0.94147223
2341546,0.6676494
252455,0.8859152
2954364,0.957003
2346044,0.027955659
852667,0.9258697
12851707,0.007009332
3402555,0.01492458
980244,0.849677
6651629,0.0421457
1318980,0.80623895
3715222,0.96004874
2337983,0.9597031
1698614,0.019785076
8823667,0.8732428
2674801,0.6186838
2083617,0.9372348
10108359,0.9727203
1025289,0.96003836
3521970,0.01432632
8265067,0.946934
2169640,0.9635119
12632834,0.9315974
1025826,0.9495837
1278470,0.93437195
2565212,0.012972206
3766155,0.95055413
1070891,0.9532173
